run_date,run_at,source,zone,target,model,model_label,covariate_case,context_hours,timestamp,forecast_mw,tso_forecast_mw,actual_mw,context_start,context_end
2026-09-09,2026-09-09T19:58:05+00:00,online,BE,load,tso_reference,TSO forecast,tso_forecast,2208,2026-09-09 16:00:00+00:00,9868.7975,9868.7975,,2026-06-09 16:00:00+00:00,2026-09-09 15:00:00+00:00
2026-09-09,2026-09-09T19:58:05+00:00,online,BE,load,tso_reference,TSO forecast,tso_forecast,2208,2026-09-09 17:00:00+00:00,9763.5025,9763.5025,,2026-06-09 16:00:00+00:00,2026-09-09 15:00:00+00:00
2026-09-09,2026-09-09T19:58:05+00:00,online,BE,load,tso_reference,TSO forecast,tso_forecast,2208,2026-09-09 18:00:00+00:00,9607.2525,9607.2525,,2026-06-09 16:00:00+00:00,2026-09-09 15:00:00+00:00
2026-09-09,2026-09-09T19:58:05+00:00,online,BE,load,tso_reference,TSO forecast,tso_forecast,2208,2026-09-09 19:00:00+00:00,9327.7225,9327.7225,,2026-06-09 16:00:00+00:00,2026-09-09 15:00:00+00:00
2026-09-09,2026-09-09T19:58:05+00:00,online,BE,load,tso_reference,TSO forecast,tso_forecast,2208,2026-09-09 20:00:00+00:00,8927.17,8927.17,,2026-06-09 16:00:00+00:00,2026-09-09 15:00:00+00:00
2026-09-09,2026-09-09T19:58:05+00:00,online,BE,load,tso_reference,TSO forecast,tso_forecast,2208,2026-09-09 21:00:00+00:00,8631.3475,8631.3475,,2026-06-09 16:00:00+00:00,2026-09-09 15:00:00+00:00
2026-09-09,2026-09-09T19:58:05+00:00,online,BE,load,tso_reference,TSO forecast,tso_forecast,2208,2026-09-09 22:00:00+00:00,8146.29,8146.29,,2026-06-09 16:00:00+00:00,2026-09-09 15:00:00+00:00
2026-09-09,2026-09-09T19:58:05+00:00,online,BE,load,tso_reference,TSO forecast,tso_forecast,2208,2026-09-09 23:00:00+00:00,7768.675,7768.675,,2026-06-09 16:00:00+00:00,2026-09-09 15:00:00+00:00
2026-09-09,2026-09-09T19:58:05+00:00,online,BE,load,tso_reference,TSO forecast,tso_forecast,2208,2026-09-10 00:00:00+00:00,7583.88,7583.88,,2026-06-09 16:00:00+00:00,2026-09-09 15:00:00+00:00
2026-09-09,2026-09-09T19:58:05+00:00,online,BE,load,tso_reference,TSO forecast,tso_forecast,2208,2026-09-10 01:00:00+00:00,7564.3375,7564.3375,,2026-06-09 16:00:00+00:00,2026-09-09 15:00:00+00:00
2026-09-09,2026-09-09T19:58:05+00:00,online,BE,load,tso_reference,TSO forecast,tso_forecast,2208,2026-09-10 02:00:00+00:00,7678.9775,7678.9775,,2026-06-09 16:00:00+00:00,2026-09-09 15:00:00+00:00
2026-09-09,2026-09-09T19:58:05+00:00,online,BE,load,tso_reference,TSO forecast,tso_forecast,2208,2026-09-10 03:00:00+00:00,8162.9574999999995,8162.9574999999995,,2026-06-09 16:00:00+00:00,2026-09-09 15:00:00+00:00
2026-09-09,2026-09-09T19:58:05+00:00,online,BE,load,tso_reference,TSO forecast,tso_forecast,2208,2026-09-10 04:00:00+00:00,8886.6275,8886.6275,,2026-06-09 16:00:00+00:00,2026-09-09 15:00:00+00:00
2026-09-09,2026-09-09T19:58:05+00:00,online,BE,load,tso_reference,TSO forecast,tso_forecast,2208,2026-09-10 05:00:00+00:00,9564.0525,9564.0525,,2026-06-09 16:00:00+00:00,2026-09-09 15:00:00+00:00
2026-09-09,2026-09-09T19:58:05+00:00,online,BE,load,tso_reference,TSO forecast,tso_forecast,2208,2026-09-10 06:00:00+00:00,10281.192500000001,10281.192500000001,,2026-06-09 16:00:00+00:00,2026-09-09 15:00:00+00:00
2026-09-09,2026-09-09T19:58:05+00:00,online,BE,load,tso_reference,TSO forecast,tso_forecast,2208,2026-09-10 07:00:00+00:00,10711.7225,10711.7225,,2026-06-09 16:00:00+00:00,2026-09-09 15:00:00+00:00
2026-09-09,2026-09-09T19:58:05+00:00,online,BE,load,tso_reference,TSO forecast,tso_forecast,2208,2026-09-10 08:00:00+00:00,10931.61,10931.61,,2026-06-09 16:00:00+00:00,2026-09-09 15:00:00+00:00
2026-09-09,2026-09-09T19:58:05+00:00,online,BE,load,tso_reference,TSO forecast,tso_forecast,2208,2026-09-10 09:00:00+00:00,11065.2275,11065.2275,,2026-06-09 16:00:00+00:00,2026-09-09 15:00:00+00:00
2026-09-09,2026-09-09T19:58:05+00:00,online,BE,load,tso_reference,TSO forecast,tso_forecast,2208,2026-09-10 10:00:00+00:00,11058.2475,11058.2475,,2026-06-09 16:00:00+00:00,2026-09-09 15:00:00+00:00
2026-09-09,2026-09-09T19:58:05+00:00,online,BE,load,tso_reference,TSO forecast,tso_forecast,2208,2026-09-10 11:00:00+00:00,11015.9625,11015.9625,,2026-06-09 16:00:00+00:00,2026-09-09 15:00:00+00:00
2026-09-09,2026-09-09T19:58:05+00:00,online,BE,load,tso_reference,TSO forecast,tso_forecast,2208,2026-09-10 12:00:00+00:00,10773.5275,10773.5275,,2026-06-09 16:00:00+00:00,2026-09-09 15:00:00+00:00
2026-09-09,2026-09-09T19:58:05+00:00,online,BE,load,tso_reference,TSO forecast,tso_forecast,2208,2026-09-10 13:00:00+00:00,10325.1325,10325.1325,,2026-06-09 16:00:00+00:00,2026-09-09 15:00:00+00:00
2026-09-09,2026-09-09T19:58:05+00:00,online,BE,load,tso_reference,TSO forecast,tso_forecast,2208,2026-09-10 14:00:00+00:00,10347.960000000001,10347.960000000001,,2026-06-09 16:00:00+00:00,2026-09-09 15:00:00+00:00
2026-09-09,2026-09-09T19:58:05+00:00,online,BE,load,tso_reference,TSO forecast,tso_forecast,2208,2026-09-10 15:00:00+00:00,10164.1275,10164.1275,,2026-06-09 16:00:00+00:00,2026-09-09 15:00:00+00:00
2026-09-09,2026-09-09T19:58:05+00:00,online,BE,load,persistence,Persistence,weekly_persistence,2208,2026-09-09 16:00:00+00:00,9841.046666666667,9868.7975,,2026-06-09 16:00:00+00:00,2026-09-09 15:00:00+00:00
2026-09-09,2026-09-09T19:58:05+00:00,online,BE,load,persistence,Persistence,weekly_persistence,2208,2026-09-09 17:00:00+00:00,9759.455,9763.5025,,2026-06-09 16:00:00+00:00,2026-09-09 15:00:00+00:00
2026-09-09,2026-09-09T19:58:05+00:00,online,BE,load,persistence,Persistence,weekly_persistence,2208,2026-09-09 18:00:00+00:00,9599.195,9607.2525,,2026-06-09 16:00:00+00:00,2026-09-09 15:00:00+00:00
2026-09-09,2026-09-09T19:58:05+00:00,online,BE,load,persistence,Persistence,weekly_persistence,2208,2026-09-09 19:00:00+00:00,9272.766666666666,9327.7225,,2026-06-09 16:00:00+00:00,2026-09-09 15:00:00+00:00
2026-09-09,2026-09-09T19:58:05+00:00,online,BE,load,persistence,Persistence,weekly_persistence,2208,2026-09-09 20:00:00+00:00,8943.555,8927.17,,2026-06-09 16:00:00+00:00,2026-09-09 15:00:00+00:00
2026-09-09,2026-09-09T19:58:05+00:00,online,BE,load,persistence,Persistence,weekly_persistence,2208,2026-09-09 21:00:00+00:00,8659.8875,8631.3475,,2026-06-09 16:00:00+00:00,2026-09-09 15:00:00+00:00
2026-09-09,2026-09-09T19:58:05+00:00,online,BE,load,persistence,Persistence,weekly_persistence,2208,2026-09-09 22:00:00+00:00,8337.195,8146.29,,2026-06-09 16:00:00+00:00,2026-09-09 15:00:00+00:00
2026-09-09,2026-09-09T19:58:05+00:00,online,BE,load,persistence,Persistence,weekly_persistence,2208,2026-09-09 23:00:00+00:00,7958.2975,7768.675,,2026-06-09 16:00:00+00:00,2026-09-09 15:00:00+00:00
2026-09-09,2026-09-09T19:58:05+00:00,online,BE,load,persistence,Persistence,weekly_persistence,2208,2026-09-10 00:00:00+00:00,7644.21,7583.88,,2026-06-09 16:00:00+00:00,2026-09-09 15:00:00+00:00
2026-09-09,2026-09-09T19:58:05+00:00,online,BE,load,persistence,Persistence,weekly_persistence,2208,2026-09-10 01:00:00+00:00,7619.7625,7564.3375,,2026-06-09 16:00:00+00:00,2026-09-09 15:00:00+00:00
2026-09-09,2026-09-09T19:58:05+00:00,online,BE,load,persistence,Persistence,weekly_persistence,2208,2026-09-10 02:00:00+00:00,7764.8975,7678.9775,,2026-06-09 16:00:00+00:00,2026-09-09 15:00:00+00:00
2026-09-09,2026-09-09T19:58:05+00:00,online,BE,load,persistence,Persistence,weekly_persistence,2208,2026-09-10 03:00:00+00:00,8275.6375,8162.9574999999995,,2026-06-09 16:00:00+00:00,2026-09-09 15:00:00+00:00
2026-09-09,2026-09-09T19:58:05+00:00,online,BE,load,persistence,Persistence,weekly_persistence,2208,2026-09-10 04:00:00+00:00,8965.5175,8886.6275,,2026-06-09 16:00:00+00:00,2026-09-09 15:00:00+00:00
2026-09-09,2026-09-09T19:58:05+00:00,online,BE,load,persistence,Persistence,weekly_persistence,2208,2026-09-10 05:00:00+00:00,9651.4725,9564.0525,,2026-06-09 16:00:00+00:00,2026-09-09 15:00:00+00:00
2026-09-09,2026-09-09T19:58:05+00:00,online,BE,load,persistence,Persistence,weekly_persistence,2208,2026-09-10 06:00:00+00:00,10353.8225,10281.192500000001,,2026-06-09 16:00:00+00:00,2026-09-09 15:00:00+00:00
2026-09-09,2026-09-09T19:58:05+00:00,online,BE,load,persistence,Persistence,weekly_persistence,2208,2026-09-10 07:00:00+00:00,10794.555,10711.7225,,2026-06-09 16:00:00+00:00,2026-09-09 15:00:00+00:00
2026-09-09,2026-09-09T19:58:05+00:00,online,BE,load,persistence,Persistence,weekly_persistence,2208,2026-09-10 08:00:00+00:00,10991.6675,10931.61,,2026-06-09 16:00:00+00:00,2026-09-09 15:00:00+00:00
2026-09-09,2026-09-09T19:58:05+00:00,online,BE,load,persistence,Persistence,weekly_persistence,2208,2026-09-10 09:00:00+00:00,11124.2325,11065.2275,,2026-06-09 16:00:00+00:00,2026-09-09 15:00:00+00:00
2026-09-09,2026-09-09T19:58:05+00:00,online,BE,load,persistence,Persistence,weekly_persistence,2208,2026-09-10 10:00:00+00:00,11126.26,11058.2475,,2026-06-09 16:00:00+00:00,2026-09-09 15:00:00+00:00
2026-09-09,2026-09-09T19:58:05+00:00,online,BE,load,persistence,Persistence,weekly_persistence,2208,2026-09-10 11:00:00+00:00,11089.1875,11015.9625,,2026-06-09 16:00:00+00:00,2026-09-09 15:00:00+00:00
2026-09-09,2026-09-09T19:58:05+00:00,online,BE,load,persistence,Persistence,weekly_persistence,2208,2026-09-10 12:00:00+00:00,10870.2025,10773.5275,,2026-06-09 16:00:00+00:00,2026-09-09 15:00:00+00:00
2026-09-09,2026-09-09T19:58:05+00:00,online,BE,load,persistence,Persistence,weekly_persistence,2208,2026-09-10 13:00:00+00:00,10434.22,10325.1325,,2026-06-09 16:00:00+00:00,2026-09-09 15:00:00+00:00
2026-09-09,2026-09-09T19:58:05+00:00,online,BE,load,persistence,Persistence,weekly_persistence,2208,2026-09-10 14:00:00+00:00,10431.355,10347.960000000001,,2026-06-09 16:00:00+00:00,2026-09-09 15:00:00+00:00
2026-09-09,2026-09-09T19:58:05+00:00,online,BE,load,persistence,Persistence,weekly_persistence,2208,2026-09-10 15:00:00+00:00,10269.66,10164.1275,,2026-06-09 16:00:00+00:00,2026-09-09 15:00:00+00:00
2026-09-09,2026-09-09T19:58:05+00:00,online,BE,load,ridge_3mo_context,Ridge with covariates,Temp+tso_forecast,2208,2026-09-09 16:00:00+00:00,9665.788083046944,9868.7975,,2026-06-09 16:00:00+00:00,2026-09-09 15:00:00+00:00
2026-09-09,2026-09-09T19:58:05+00:00,online,BE,load,ridge_3mo_context,Ridge with covariates,Temp+tso_forecast,2208,2026-09-09 17:00:00+00:00,9538.330192459605,9763.5025,,2026-06-09 16:00:00+00:00,2026-09-09 15:00:00+00:00
2026-09-09,2026-09-09T19:58:05+00:00,online,BE,load,ridge_3mo_context,Ridge with covariates,Temp+tso_forecast,2208,2026-09-09 18:00:00+00:00,9370.42129133772,9607.2525,,2026-06-09 16:00:00+00:00,2026-09-09 15:00:00+00:00
2026-09-09,2026-09-09T19:58:05+00:00,online,BE,load,ridge_3mo_context,Ridge with covariates,Temp+tso_forecast,2208,2026-09-09 19:00:00+00:00,9076.676998680854,9327.7225,,2026-06-09 16:00:00+00:00,2026-09-09 15:00:00+00:00
2026-09-09,2026-09-09T19:58:05+00:00,online,BE,load,ridge_3mo_context,Ridge with covariates,Temp+tso_forecast,2208,2026-09-09 20:00:00+00:00,8683.04889907092,8927.17,,2026-06-09 16:00:00+00:00,2026-09-09 15:00:00+00:00
2026-09-09,2026-09-09T19:58:05+00:00,online,BE,load,ridge_3mo_context,Ridge with covariates,Temp+tso_forecast,2208,2026-09-09 21:00:00+00:00,8391.70971517372,8631.3475,,2026-06-09 16:00:00+00:00,2026-09-09 15:00:00+00:00
2026-09-09,2026-09-09T19:58:05+00:00,online,BE,load,ridge_3mo_context,Ridge with covariates,Temp+tso_forecast,2208,2026-09-09 22:00:00+00:00,7890.639919393161,8146.29,,2026-06-09 16:00:00+00:00,2026-09-09 15:00:00+00:00
2026-09-09,2026-09-09T19:58:05+00:00,online,BE,load,ridge_3mo_context,Ridge with covariates,Temp+tso_forecast,2208,2026-09-09 23:00:00+00:00,7483.894666495678,7768.675,,2026-06-09 16:00:00+00:00,2026-09-09 15:00:00+00:00
2026-09-09,2026-09-09T19:58:05+00:00,online,BE,load,ridge_3mo_context,Ridge with covariates,Temp+tso_forecast,2208,2026-09-10 00:00:00+00:00,7445.5497384354,7583.88,,2026-06-09 16:00:00+00:00,2026-09-09 15:00:00+00:00
2026-09-09,2026-09-09T19:58:05+00:00,online,BE,load,ridge_3mo_context,Ridge with covariates,Temp+tso_forecast,2208,2026-09-10 01:00:00+00:00,7430.060821282883,7564.3375,,2026-06-09 16:00:00+00:00,2026-09-09 15:00:00+00:00
2026-09-09,2026-09-09T19:58:05+00:00,online,BE,load,ridge_3mo_context,Ridge with covariates,Temp+tso_forecast,2208,2026-09-10 02:00:00+00:00,7490.571935179301,7678.9775,,2026-06-09 16:00:00+00:00,2026-09-09 15:00:00+00:00
2026-09-09,2026-09-09T19:58:05+00:00,online,BE,load,ridge_3mo_context,Ridge with covariates,Temp+tso_forecast,2208,2026-09-10 03:00:00+00:00,7977.725178210172,8162.9574999999995,,2026-06-09 16:00:00+00:00,2026-09-09 15:00:00+00:00
2026-09-09,2026-09-09T19:58:05+00:00,online,BE,load,ridge_3mo_context,Ridge with covariates,Temp+tso_forecast,2208,2026-09-10 04:00:00+00:00,8643.134379931387,8886.6275,,2026-06-09 16:00:00+00:00,2026-09-09 15:00:00+00:00
2026-09-09,2026-09-09T19:58:05+00:00,online,BE,load,ridge_3mo_context,Ridge with covariates,Temp+tso_forecast,2208,2026-09-10 05:00:00+00:00,9300.632249335675,9564.0525,,2026-06-09 16:00:00+00:00,2026-09-09 15:00:00+00:00
2026-09-09,2026-09-09T19:58:05+00:00,online,BE,load,ridge_3mo_context,Ridge with covariates,Temp+tso_forecast,2208,2026-09-10 06:00:00+00:00,9968.568834600257,10281.192500000001,,2026-06-09 16:00:00+00:00,2026-09-09 15:00:00+00:00
2026-09-09,2026-09-09T19:58:05+00:00,online,BE,load,ridge_3mo_context,Ridge with covariates,Temp+tso_forecast,2208,2026-09-10 07:00:00+00:00,10431.50576426929,10711.7225,,2026-06-09 16:00:00+00:00,2026-09-09 15:00:00+00:00
2026-09-09,2026-09-09T19:58:05+00:00,online,BE,load,ridge_3mo_context,Ridge with covariates,Temp+tso_forecast,2208,2026-09-10 08:00:00+00:00,10683.44285993221,10931.61,,2026-06-09 16:00:00+00:00,2026-09-09 15:00:00+00:00
2026-09-09,2026-09-09T19:58:05+00:00,online,BE,load,ridge_3mo_context,Ridge with covariates,Temp+tso_forecast,2208,2026-09-10 09:00:00+00:00,10821.866775069217,11065.2275,,2026-06-09 16:00:00+00:00,2026-09-09 15:00:00+00:00
2026-09-09,2026-09-09T19:58:05+00:00,online,BE,load,ridge_3mo_context,Ridge with covariates,Temp+tso_forecast,2208,2026-09-10 10:00:00+00:00,10867.73189958068,11058.2475,,2026-06-09 16:00:00+00:00,2026-09-09 15:00:00+00:00
2026-09-09,2026-09-09T19:58:05+00:00,online,BE,load,ridge_3mo_context,Ridge with covariates,Temp+tso_forecast,2208,2026-09-10 11:00:00+00:00,10804.55111500427,11015.9625,,2026-06-09 16:00:00+00:00,2026-09-09 15:00:00+00:00
2026-09-09,2026-09-09T19:58:05+00:00,online,BE,load,ridge_3mo_context,Ridge with covariates,Temp+tso_forecast,2208,2026-09-10 12:00:00+00:00,10572.553842798981,10773.5275,,2026-06-09 16:00:00+00:00,2026-09-09 15:00:00+00:00
2026-09-09,2026-09-09T19:58:05+00:00,online,BE,load,ridge_3mo_context,Ridge with covariates,Temp+tso_forecast,2208,2026-09-10 13:00:00+00:00,10157.961891125402,10325.1325,,2026-06-09 16:00:00+00:00,2026-09-09 15:00:00+00:00
2026-09-09,2026-09-09T19:58:05+00:00,online,BE,load,ridge_3mo_context,Ridge with covariates,Temp+tso_forecast,2208,2026-09-10 14:00:00+00:00,10133.881918376308,10347.960000000001,,2026-06-09 16:00:00+00:00,2026-09-09 15:00:00+00:00
2026-09-09,2026-09-09T19:58:05+00:00,online,BE,load,ridge_3mo_context,Ridge with covariates,Temp+tso_forecast,2208,2026-09-10 15:00:00+00:00,9977.447802407965,10164.1275,,2026-06-09 16:00:00+00:00,2026-09-09 15:00:00+00:00
2026-09-09,2026-09-09T19:58:05+00:00,online,BE,load,chronos2_online,Chronos2 with covariates,Solar+tso_forecast,2208,2026-09-09 16:00:00+00:00,9819.986328125,9868.7975,,2026-06-09 16:00:00+00:00,2026-09-09 15:00:00+00:00
2026-09-09,2026-09-09T19:58:05+00:00,online,BE,load,chronos2_online,Chronos2 with covariates,Solar+tso_forecast,2208,2026-09-09 17:00:00+00:00,9703.2548828125,9763.5025,,2026-06-09 16:00:00+00:00,2026-09-09 15:00:00+00:00
2026-09-09,2026-09-09T19:58:05+00:00,online,BE,load,chronos2_online,Chronos2 with covariates,Solar+tso_forecast,2208,2026-09-09 18:00:00+00:00,9527.7822265625,9607.2525,,2026-06-09 16:00:00+00:00,2026-09-09 15:00:00+00:00
2026-09-09,2026-09-09T19:58:05+00:00,online,BE,load,chronos2_online,Chronos2 with covariates,Solar+tso_forecast,2208,2026-09-09 19:00:00+00:00,9242.0859375,9327.7225,,2026-06-09 16:00:00+00:00,2026-09-09 15:00:00+00:00
2026-09-09,2026-09-09T19:58:05+00:00,online,BE,load,chronos2_online,Chronos2 with covariates,Solar+tso_forecast,2208,2026-09-09 20:00:00+00:00,8863.8779296875,8927.17,,2026-06-09 16:00:00+00:00,2026-09-09 15:00:00+00:00
2026-09-09,2026-09-09T19:58:05+00:00,online,BE,load,chronos2_online,Chronos2 with covariates,Solar+tso_forecast,2208,2026-09-09 21:00:00+00:00,8468.703125,8631.3475,,2026-06-09 16:00:00+00:00,2026-09-09 15:00:00+00:00
2026-09-09,2026-09-09T19:58:05+00:00,online,BE,load,chronos2_online,Chronos2 with covariates,Solar+tso_forecast,2208,2026-09-09 22:00:00+00:00,8110.1533203125,8146.29,,2026-06-09 16:00:00+00:00,2026-09-09 15:00:00+00:00
2026-09-09,2026-09-09T19:58:05+00:00,online,BE,load,chronos2_online,Chronos2 with covariates,Solar+tso_forecast,2208,2026-09-09 23:00:00+00:00,7844.69580078125,7768.675,,2026-06-09 16:00:00+00:00,2026-09-09 15:00:00+00:00
2026-09-09,2026-09-09T19:58:05+00:00,online,BE,load,chronos2_online,Chronos2 with covariates,Solar+tso_forecast,2208,2026-09-10 00:00:00+00:00,7660.54296875,7583.88,,2026-06-09 16:00:00+00:00,2026-09-09 15:00:00+00:00
2026-09-09,2026-09-09T19:58:05+00:00,online,BE,load,chronos2_online,Chronos2 with covariates,Solar+tso_forecast,2208,2026-09-10 01:00:00+00:00,7597.09716796875,7564.3375,,2026-06-09 16:00:00+00:00,2026-09-09 15:00:00+00:00
2026-09-09,2026-09-09T19:58:05+00:00,online,BE,load,chronos2_online,Chronos2 with covariates,Solar+tso_forecast,2208,2026-09-10 02:00:00+00:00,7664.49365234375,7678.9775,,2026-06-09 16:00:00+00:00,2026-09-09 15:00:00+00:00
2026-09-09,2026-09-09T19:58:05+00:00,online,BE,load,chronos2_online,Chronos2 with covariates,Solar+tso_forecast,2208,2026-09-10 03:00:00+00:00,7995.27587890625,8162.9574999999995,,2026-06-09 16:00:00+00:00,2026-09-09 15:00:00+00:00
2026-09-09,2026-09-09T19:58:05+00:00,online,BE,load,chronos2_online,Chronos2 with covariates,Solar+tso_forecast,2208,2026-09-10 04:00:00+00:00,8658.56640625,8886.6275,,2026-06-09 16:00:00+00:00,2026-09-09 15:00:00+00:00
2026-09-09,2026-09-09T19:58:05+00:00,online,BE,load,chronos2_online,Chronos2 with covariates,Solar+tso_forecast,2208,2026-09-10 05:00:00+00:00,9312.5439453125,9564.0525,,2026-06-09 16:00:00+00:00,2026-09-09 15:00:00+00:00
2026-09-09,2026-09-09T19:58:05+00:00,online,BE,load,chronos2_online,Chronos2 with covariates,Solar+tso_forecast,2208,2026-09-10 06:00:00+00:00,9982.765625,10281.192500000001,,2026-06-09 16:00:00+00:00,2026-09-09 15:00:00+00:00
2026-09-09,2026-09-09T19:58:05+00:00,online,BE,load,chronos2_online,Chronos2 with covariates,Solar+tso_forecast,2208,2026-09-10 07:00:00+00:00,10326.4150390625,10711.7225,,2026-06-09 16:00:00+00:00,2026-09-09 15:00:00+00:00
2026-09-09,2026-09-09T19:58:05+00:00,online,BE,load,chronos2_online,Chronos2 with covariates,Solar+tso_forecast,2208,2026-09-10 08:00:00+00:00,10517.6005859375,10931.61,,2026-06-09 16:00:00+00:00,2026-09-09 15:00:00+00:00
2026-09-09,2026-09-09T19:58:05+00:00,online,BE,load,chronos2_online,Chronos2 with covariates,Solar+tso_forecast,2208,2026-09-10 09:00:00+00:00,10630.3203125,11065.2275,,2026-06-09 16:00:00+00:00,2026-09-09 15:00:00+00:00
2026-09-09,2026-09-09T19:58:05+00:00,online,BE,load,chronos2_online,Chronos2 with covariates,Solar+tso_forecast,2208,2026-09-10 10:00:00+00:00,10581.9375,11058.2475,,2026-06-09 16:00:00+00:00,2026-09-09 15:00:00+00:00
2026-09-09,2026-09-09T19:58:05+00:00,online,BE,load,chronos2_online,Chronos2 with covariates,Solar+tso_forecast,2208,2026-09-10 11:00:00+00:00,10475.8603515625,11015.9625,,2026-06-09 16:00:00+00:00,2026-09-09 15:00:00+00:00
2026-09-09,2026-09-09T19:58:05+00:00,online,BE,load,chronos2_online,Chronos2 with covariates,Solar+tso_forecast,2208,2026-09-10 12:00:00+00:00,10332.2197265625,10773.5275,,2026-06-09 16:00:00+00:00,2026-09-09 15:00:00+00:00
2026-09-09,2026-09-09T19:58:05+00:00,online,BE,load,chronos2_online,Chronos2 with covariates,Solar+tso_forecast,2208,2026-09-10 13:00:00+00:00,10138.22265625,10325.1325,,2026-06-09 16:00:00+00:00,2026-09-09 15:00:00+00:00
2026-09-09,2026-09-09T19:58:05+00:00,online,BE,load,chronos2_online,Chronos2 with covariates,Solar+tso_forecast,2208,2026-09-10 14:00:00+00:00,10006.40234375,10347.960000000001,,2026-06-09 16:00:00+00:00,2026-09-09 15:00:00+00:00
2026-09-09,2026-09-09T19:58:05+00:00,online,BE,load,chronos2_online,Chronos2 with covariates,Solar+tso_forecast,2208,2026-09-10 15:00:00+00:00,9956.8935546875,10164.1275,,2026-06-09 16:00:00+00:00,2026-09-09 15:00:00+00:00
2026-09-09,2026-09-09T19:58:05+00:00,online,FR,load,tso_reference,TSO forecast,tso_forecast,2208,2026-09-09 16:00:00+00:00,48200.0,48200.0,,2026-06-09 16:00:00+00:00,2026-09-09 15:00:00+00:00
2026-09-09,2026-09-09T19:58:05+00:00,online,FR,load,tso_reference,TSO forecast,tso_forecast,2208,2026-09-09 17:00:00+00:00,49225.0,49225.0,,2026-06-09 16:00:00+00:00,2026-09-09 15:00:00+00:00
2026-09-09,2026-09-09T19:58:05+00:00,online,FR,load,tso_reference,TSO forecast,tso_forecast,2208,2026-09-09 18:00:00+00:00,47175.0,47175.0,,2026-06-09 16:00:00+00:00,2026-09-09 15:00:00+00:00
2026-09-09,2026-09-09T19:58:05+00:00,online,FR,load,tso_reference,TSO forecast,tso_forecast,2208,2026-09-09 19:00:00+00:00,45462.5,45462.5,,2026-06-09 16:00:00+00:00,2026-09-09 15:00:00+00:00
2026-09-09,2026-09-09T19:58:05+00:00,online,FR,load,tso_reference,TSO forecast,tso_forecast,2208,2026-09-09 20:00:00+00:00,44837.5,44837.5,,2026-06-09 16:00:00+00:00,2026-09-09 15:00:00+00:00
2026-09-09,2026-09-09T19:58:05+00:00,online,FR,load,tso_reference,TSO forecast,tso_forecast,2208,2026-09-09 21:00:00+00:00,44450.0,44450.0,,2026-06-09 16:00:00+00:00,2026-09-09 15:00:00+00:00
2026-09-09,2026-09-09T19:58:05+00:00,online,FR,load,tso_reference,TSO forecast,tso_forecast,2208,2026-09-09 22:00:00+00:00,41487.5,41487.5,,2026-06-09 16:00:00+00:00,2026-09-09 15:00:00+00:00
2026-09-09,2026-09-09T19:58:05+00:00,online,FR,load,tso_reference,TSO forecast,tso_forecast,2208,2026-09-09 23:00:00+00:00,39175.0,39175.0,,2026-06-09 16:00:00+00:00,2026-09-09 15:00:00+00:00
2026-09-09,2026-09-09T19:58:05+00:00,online,FR,load,tso_reference,TSO forecast,tso_forecast,2208,2026-09-10 00:00:00+00:00,37387.5,37387.5,,2026-06-09 16:00:00+00:00,2026-09-09 15:00:00+00:00
2026-09-09,2026-09-09T19:58:05+00:00,online,FR,load,tso_reference,TSO forecast,tso_forecast,2208,2026-09-10 01:00:00+00:00,35237.5,35237.5,,2026-06-09 16:00:00+00:00,2026-09-09 15:00:00+00:00
2026-09-09,2026-09-09T19:58:05+00:00,online,FR,load,tso_reference,TSO forecast,tso_forecast,2208,2026-09-10 02:00:00+00:00,34750.0,34750.0,,2026-06-09 16:00:00+00:00,2026-09-09 15:00:00+00:00
2026-09-09,2026-09-09T19:58:05+00:00,online,FR,load,tso_reference,TSO forecast,tso_forecast,2208,2026-09-10 03:00:00+00:00,36125.0,36125.0,,2026-06-09 16:00:00+00:00,2026-09-09 15:00:00+00:00
2026-09-09,2026-09-09T19:58:05+00:00,online,FR,load,tso_reference,TSO forecast,tso_forecast,2208,2026-09-10 04:00:00+00:00,39500.0,39500.0,,2026-06-09 16:00:00+00:00,2026-09-09 15:00:00+00:00
2026-09-09,2026-09-09T19:58:05+00:00,online,FR,load,tso_reference,TSO forecast,tso_forecast,2208,2026-09-10 05:00:00+00:00,42937.5,42937.5,,2026-06-09 16:00:00+00:00,2026-09-09 15:00:00+00:00
2026-09-09,2026-09-09T19:58:05+00:00,online,FR,load,tso_reference,TSO forecast,tso_forecast,2208,2026-09-10 06:00:00+00:00,45250.0,45250.0,,2026-06-09 16:00:00+00:00,2026-09-09 15:00:00+00:00
2026-09-09,2026-09-09T19:58:05+00:00,online,FR,load,tso_reference,TSO forecast,tso_forecast,2208,2026-09-10 07:00:00+00:00,46137.5,46137.5,,2026-06-09 16:00:00+00:00,2026-09-09 15:00:00+00:00
2026-09-09,2026-09-09T19:58:05+00:00,online,FR,load,tso_reference,TSO forecast,tso_forecast,2208,2026-09-10 08:00:00+00:00,46875.0,46875.0,,2026-06-09 16:00:00+00:00,2026-09-09 15:00:00+00:00
2026-09-09,2026-09-09T19:58:05+00:00,online,FR,load,tso_reference,TSO forecast,tso_forecast,2208,2026-09-10 09:00:00+00:00,47162.5,47162.5,,2026-06-09 16:00:00+00:00,2026-09-09 15:00:00+00:00
2026-09-09,2026-09-09T19:58:05+00:00,online,FR,load,tso_reference,TSO forecast,tso_forecast,2208,2026-09-10 10:00:00+00:00,47962.5,47962.5,,2026-06-09 16:00:00+00:00,2026-09-09 15:00:00+00:00
2026-09-09,2026-09-09T19:58:05+00:00,online,FR,load,tso_reference,TSO forecast,tso_forecast,2208,2026-09-10 11:00:00+00:00,47837.5,47837.5,,2026-06-09 16:00:00+00:00,2026-09-09 15:00:00+00:00
2026-09-09,2026-09-09T19:58:05+00:00,online,FR,load,tso_reference,TSO forecast,tso_forecast,2208,2026-09-10 12:00:00+00:00,48087.5,48087.5,,2026-06-09 16:00:00+00:00,2026-09-09 15:00:00+00:00
2026-09-09,2026-09-09T19:58:05+00:00,online,FR,load,tso_reference,TSO forecast,tso_forecast,2208,2026-09-10 13:00:00+00:00,46712.5,46712.5,,2026-06-09 16:00:00+00:00,2026-09-09 15:00:00+00:00
2026-09-09,2026-09-09T19:58:05+00:00,online,FR,load,tso_reference,TSO forecast,tso_forecast,2208,2026-09-10 14:00:00+00:00,45312.5,45312.5,,2026-06-09 16:00:00+00:00,2026-09-09 15:00:00+00:00
2026-09-09,2026-09-09T19:58:05+00:00,online,FR,load,tso_reference,TSO forecast,tso_forecast,2208,2026-09-10 15:00:00+00:00,45125.0,45125.0,,2026-06-09 16:00:00+00:00,2026-09-09 15:00:00+00:00
2026-09-09,2026-09-09T19:58:05+00:00,online,FR,load,persistence,Persistence,weekly_persistence,2208,2026-09-09 16:00:00+00:00,49443.56666666667,48200.0,,2026-06-09 16:00:00+00:00,2026-09-09 15:00:00+00:00
2026-09-09,2026-09-09T19:58:05+00:00,online,FR,load,persistence,Persistence,weekly_persistence,2208,2026-09-09 17:00:00+00:00,49791.615,49225.0,,2026-06-09 16:00:00+00:00,2026-09-09 15:00:00+00:00
2026-09-09,2026-09-09T19:58:05+00:00,online,FR,load,persistence,Persistence,weekly_persistence,2208,2026-09-09 18:00:00+00:00,48016.075000000004,47175.0,,2026-06-09 16:00:00+00:00,2026-09-09 15:00:00+00:00
2026-09-09,2026-09-09T19:58:05+00:00,online,FR,load,persistence,Persistence,weekly_persistence,2208,2026-09-09 19:00:00+00:00,46003.956666666665,45462.5,,2026-06-09 16:00:00+00:00,2026-09-09 15:00:00+00:00
2026-09-09,2026-09-09T19:58:05+00:00,online,FR,load,persistence,Persistence,weekly_persistence,2208,2026-09-09 20:00:00+00:00,46097.3075,44837.5,,2026-06-09 16:00:00+00:00,2026-09-09 15:00:00+00:00
2026-09-09,2026-09-09T19:58:05+00:00,online,FR,load,persistence,Persistence,weekly_persistence,2208,2026-09-09 21:00:00+00:00,44624.705,44450.0,,2026-06-09 16:00:00+00:00,2026-09-09 15:00:00+00:00
2026-09-09,2026-09-09T19:58:05+00:00,online,FR,load,persistence,Persistence,weekly_persistence,2208,2026-09-09 22:00:00+00:00,41879.5475,41487.5,,2026-06-09 16:00:00+00:00,2026-09-09 15:00:00+00:00
2026-09-09,2026-09-09T19:58:05+00:00,online,FR,load,persistence,Persistence,weekly_persistence,2208,2026-09-09 23:00:00+00:00,40094.2475,39175.0,,2026-06-09 16:00:00+00:00,2026-09-09 15:00:00+00:00
2026-09-09,2026-09-09T19:58:05+00:00,online,FR,load,persistence,Persistence,weekly_persistence,2208,2026-09-10 00:00:00+00:00,37991.215,37387.5,,2026-06-09 16:00:00+00:00,2026-09-09 15:00:00+00:00
2026-09-09,2026-09-09T19:58:05+00:00,online,FR,load,persistence,Persistence,weekly_persistence,2208,2026-09-10 01:00:00+00:00,36277.435,35237.5,,2026-06-09 16:00:00+00:00,2026-09-09 15:00:00+00:00
2026-09-09,2026-09-09T19:58:05+00:00,online,FR,load,persistence,Persistence,weekly_persistence,2208,2026-09-10 02:00:00+00:00,35908.6425,34750.0,,2026-06-09 16:00:00+00:00,2026-09-09 15:00:00+00:00
2026-09-09,2026-09-09T19:58:05+00:00,online,FR,load,persistence,Persistence,weekly_persistence,2208,2026-09-10 03:00:00+00:00,37330.3575,36125.0,,2026-06-09 16:00:00+00:00,2026-09-09 15:00:00+00:00
2026-09-09,2026-09-09T19:58:05+00:00,online,FR,load,persistence,Persistence,weekly_persistence,2208,2026-09-10 04:00:00+00:00,40773.7225,39500.0,,2026-06-09 16:00:00+00:00,2026-09-09 15:00:00+00:00
2026-09-09,2026-09-09T19:58:05+00:00,online,FR,load,persistence,Persistence,weekly_persistence,2208,2026-09-10 05:00:00+00:00,43837.225,42937.5,,2026-06-09 16:00:00+00:00,2026-09-09 15:00:00+00:00
2026-09-09,2026-09-09T19:58:05+00:00,online,FR,load,persistence,Persistence,weekly_persistence,2208,2026-09-10 06:00:00+00:00,45800.6725,45250.0,,2026-06-09 16:00:00+00:00,2026-09-09 15:00:00+00:00
2026-09-09,2026-09-09T19:58:05+00:00,online,FR,load,persistence,Persistence,weekly_persistence,2208,2026-09-10 07:00:00+00:00,46679.4625,46137.5,,2026-06-09 16:00:00+00:00,2026-09-09 15:00:00+00:00
2026-09-09,2026-09-09T19:58:05+00:00,online,FR,load,persistence,Persistence,weekly_persistence,2208,2026-09-10 08:00:00+00:00,47822.9275,46875.0,,2026-06-09 16:00:00+00:00,2026-09-09 15:00:00+00:00
2026-09-09,2026-09-09T19:58:05+00:00,online,FR,load,persistence,Persistence,weekly_persistence,2208,2026-09-10 09:00:00+00:00,48461.8675,47162.5,,2026-06-09 16:00:00+00:00,2026-09-09 15:00:00+00:00
2026-09-09,2026-09-09T19:58:05+00:00,online,FR,load,persistence,Persistence,weekly_persistence,2208,2026-09-10 10:00:00+00:00,49277.1875,47962.5,,2026-06-09 16:00:00+00:00,2026-09-09 15:00:00+00:00
2026-09-09,2026-09-09T19:58:05+00:00,online,FR,load,persistence,Persistence,weekly_persistence,2208,2026-09-10 11:00:00+00:00,48634.7775,47837.5,,2026-06-09 16:00:00+00:00,2026-09-09 15:00:00+00:00
2026-09-09,2026-09-09T19:58:05+00:00,online,FR,load,persistence,Persistence,weekly_persistence,2208,2026-09-10 12:00:00+00:00,49524.585,48087.5,,2026-06-09 16:00:00+00:00,2026-09-09 15:00:00+00:00
2026-09-09,2026-09-09T19:58:05+00:00,online,FR,load,persistence,Persistence,weekly_persistence,2208,2026-09-10 13:00:00+00:00,48760.93,46712.5,,2026-06-09 16:00:00+00:00,2026-09-09 15:00:00+00:00
2026-09-09,2026-09-09T19:58:05+00:00,online,FR,load,persistence,Persistence,weekly_persistence,2208,2026-09-10 14:00:00+00:00,47942.445,45312.5,,2026-06-09 16:00:00+00:00,2026-09-09 15:00:00+00:00
2026-09-09,2026-09-09T19:58:05+00:00,online,FR,load,persistence,Persistence,weekly_persistence,2208,2026-09-10 15:00:00+00:00,47982.575,45125.0,,2026-06-09 16:00:00+00:00,2026-09-09 15:00:00+00:00
2026-09-09,2026-09-09T19:58:05+00:00,online,FR,load,ridge_3mo_context,Ridge with covariates,deg_proxy+tso_forecast,2208,2026-09-09 16:00:00+00:00,47902.66062464155,48200.0,,2026-06-09 16:00:00+00:00,2026-09-09 15:00:00+00:00
2026-09-09,2026-09-09T19:58:05+00:00,online,FR,load,ridge_3mo_context,Ridge with covariates,deg_proxy+tso_forecast,2208,2026-09-09 17:00:00+00:00,48834.57864323855,49225.0,,2026-06-09 16:00:00+00:00,2026-09-09 15:00:00+00:00
2026-09-09,2026-09-09T19:58:05+00:00,online,FR,load,ridge_3mo_context,Ridge with covariates,deg_proxy+tso_forecast,2208,2026-09-09 18:00:00+00:00,46910.830098216116,47175.0,,2026-06-09 16:00:00+00:00,2026-09-09 15:00:00+00:00
2026-09-09,2026-09-09T19:58:05+00:00,online,FR,load,ridge_3mo_context,Ridge with covariates,deg_proxy+tso_forecast,2208,2026-09-09 19:00:00+00:00,45320.534472435305,45462.5,,2026-06-09 16:00:00+00:00,2026-09-09 15:00:00+00:00
2026-09-09,2026-09-09T19:58:05+00:00,online,FR,load,ridge_3mo_context,Ridge with covariates,deg_proxy+tso_forecast,2208,2026-09-09 20:00:00+00:00,44760.600133263884,44837.5,,2026-06-09 16:00:00+00:00,2026-09-09 15:00:00+00:00
2026-09-09,2026-09-09T19:58:05+00:00,online,FR,load,ridge_3mo_context,Ridge with covariates,deg_proxy+tso_forecast,2208,2026-09-09 21:00:00+00:00,44399.201452111665,44450.0,,2026-06-09 16:00:00+00:00,2026-09-09 15:00:00+00:00
2026-09-09,2026-09-09T19:58:05+00:00,online,FR,load,ridge_3mo_context,Ridge with covariates,deg_proxy+tso_forecast,2208,2026-09-09 22:00:00+00:00,41580.75712961461,41487.5,,2026-06-09 16:00:00+00:00,2026-09-09 15:00:00+00:00
2026-09-09,2026-09-09T19:58:05+00:00,online,FR,load,ridge_3mo_context,Ridge with covariates,deg_proxy+tso_forecast,2208,2026-09-09 23:00:00+00:00,39381.83733250819,39175.0,,2026-06-09 16:00:00+00:00,2026-09-09 15:00:00+00:00
2026-09-09,2026-09-09T19:58:05+00:00,online,FR,load,ridge_3mo_context,Ridge with covariates,deg_proxy+tso_forecast,2208,2026-09-10 00:00:00+00:00,37757.71303950384,37387.5,,2026-06-09 16:00:00+00:00,2026-09-09 15:00:00+00:00
2026-09-09,2026-09-09T19:58:05+00:00,online,FR,load,ridge_3mo_context,Ridge with covariates,deg_proxy+tso_forecast,2208,2026-09-10 01:00:00+00:00,35714.649516444144,35237.5,,2026-06-09 16:00:00+00:00,2026-09-09 15:00:00+00:00
2026-09-09,2026-09-09T19:58:05+00:00,online,FR,load,ridge_3mo_context,Ridge with covariates,deg_proxy+tso_forecast,2208,2026-09-10 02:00:00+00:00,35282.69299220828,34750.0,,2026-06-09 16:00:00+00:00,2026-09-09 15:00:00+00:00
2026-09-09,2026-09-09T19:58:05+00:00,online,FR,load,ridge_3mo_context,Ridge with covariates,deg_proxy+tso_forecast,2208,2026-09-10 03:00:00+00:00,36582.481156283015,36125.0,,2026-06-09 16:00:00+00:00,2026-09-09 15:00:00+00:00
2026-09-09,2026-09-09T19:58:05+00:00,online,FR,load,ridge_3mo_context,Ridge with covariates,deg_proxy+tso_forecast,2208,2026-09-10 04:00:00+00:00,39816.102668733416,39500.0,,2026-06-09 16:00:00+00:00,2026-09-09 15:00:00+00:00
2026-09-09,2026-09-09T19:58:05+00:00,online,FR,load,ridge_3mo_context,Ridge with covariates,deg_proxy+tso_forecast,2208,2026-09-10 05:00:00+00:00,43102.84290307751,42937.5,,2026-06-09 16:00:00+00:00,2026-09-09 15:00:00+00:00
2026-09-09,2026-09-09T19:58:05+00:00,online,FR,load,ridge_3mo_context,Ridge with covariates,deg_proxy+tso_forecast,2208,2026-09-10 06:00:00+00:00,45369.08672519629,45250.0,,2026-06-09 16:00:00+00:00,2026-09-09 15:00:00+00:00
2026-09-09,2026-09-09T19:58:05+00:00,online,FR,load,ridge_3mo_context,Ridge with covariates,deg_proxy+tso_forecast,2208,2026-09-10 07:00:00+00:00,46107.69236801989,46137.5,,2026-06-09 16:00:00+00:00,2026-09-09 15:00:00+00:00
2026-09-09,2026-09-09T19:58:05+00:00,online,FR,load,ridge_3mo_context,Ridge with covariates,deg_proxy+tso_forecast,2208,2026-09-10 08:00:00+00:00,46752.16295860689,46875.0,,2026-06-09 16:00:00+00:00,2026-09-09 15:00:00+00:00
2026-09-09,2026-09-09T19:58:05+00:00,online,FR,load,ridge_3mo_context,Ridge with covariates,deg_proxy+tso_forecast,2208,2026-09-10 09:00:00+00:00,46941.62813474829,47162.5,,2026-06-09 16:00:00+00:00,2026-09-09 15:00:00+00:00
2026-09-09,2026-09-09T19:58:05+00:00,online,FR,load,ridge_3mo_context,Ridge with covariates,deg_proxy+tso_forecast,2208,2026-09-10 10:00:00+00:00,47670.42201359931,47962.5,,2026-06-09 16:00:00+00:00,2026-09-09 15:00:00+00:00
2026-09-09,2026-09-09T19:58:05+00:00,online,FR,load,ridge_3mo_context,Ridge with covariates,deg_proxy+tso_forecast,2208,2026-09-10 11:00:00+00:00,47544.21373386911,47837.5,,2026-06-09 16:00:00+00:00,2026-09-09 15:00:00+00:00
2026-09-09,2026-09-09T19:58:05+00:00,online,FR,load,ridge_3mo_context,Ridge with covariates,deg_proxy+tso_forecast,2208,2026-09-10 12:00:00+00:00,47804.00263173708,48087.5,,2026-06-09 16:00:00+00:00,2026-09-09 15:00:00+00:00
2026-09-09,2026-09-09T19:58:05+00:00,online,FR,load,ridge_3mo_context,Ridge with covariates,deg_proxy+tso_forecast,2208,2026-09-10 13:00:00+00:00,46523.75650042015,46712.5,,2026-06-09 16:00:00+00:00,2026-09-09 15:00:00+00:00
2026-09-09,2026-09-09T19:58:05+00:00,online,FR,load,ridge_3mo_context,Ridge with covariates,deg_proxy+tso_forecast,2208,2026-09-10 14:00:00+00:00,45221.482766186484,45312.5,,2026-06-09 16:00:00+00:00,2026-09-09 15:00:00+00:00
2026-09-09,2026-09-09T19:58:05+00:00,online,FR,load,ridge_3mo_context,Ridge with covariates,deg_proxy+tso_forecast,2208,2026-09-10 15:00:00+00:00,45038.2551937663,45125.0,,2026-06-09 16:00:00+00:00,2026-09-09 15:00:00+00:00
2026-09-09,2026-09-09T19:58:05+00:00,online,FR,load,chronos2_online,Chronos2 with covariates,Temp+tso_forecast,2208,2026-09-09 16:00:00+00:00,46979.2578125,48200.0,,2026-06-09 16:00:00+00:00,2026-09-09 15:00:00+00:00
2026-09-09,2026-09-09T19:58:05+00:00,online,FR,load,chronos2_online,Chronos2 with covariates,Temp+tso_forecast,2208,2026-09-09 17:00:00+00:00,47620.08203125,49225.0,,2026-06-09 16:00:00+00:00,2026-09-09 15:00:00+00:00
2026-09-09,2026-09-09T19:58:05+00:00,online,FR,load,chronos2_online,Chronos2 with covariates,Temp+tso_forecast,2208,2026-09-09 18:00:00+00:00,45854.05078125,47175.0,,2026-06-09 16:00:00+00:00,2026-09-09 15:00:00+00:00
2026-09-09,2026-09-09T19:58:05+00:00,online,FR,load,chronos2_online,Chronos2 with covariates,Temp+tso_forecast,2208,2026-09-09 19:00:00+00:00,44156.9375,45462.5,,2026-06-09 16:00:00+00:00,2026-09-09 15:00:00+00:00
2026-09-09,2026-09-09T19:58:05+00:00,online,FR,load,chronos2_online,Chronos2 with covariates,Temp+tso_forecast,2208,2026-09-09 20:00:00+00:00,43835.6328125,44837.5,,2026-06-09 16:00:00+00:00,2026-09-09 15:00:00+00:00
2026-09-09,2026-09-09T19:58:05+00:00,online,FR,load,chronos2_online,Chronos2 with covariates,Temp+tso_forecast,2208,2026-09-09 21:00:00+00:00,42658.49609375,44450.0,,2026-06-09 16:00:00+00:00,2026-09-09 15:00:00+00:00
2026-09-09,2026-09-09T19:58:05+00:00,online,FR,load,chronos2_online,Chronos2 with covariates,Temp+tso_forecast,2208,2026-09-09 22:00:00+00:00,40213.6875,41487.5,,2026-06-09 16:00:00+00:00,2026-09-09 15:00:00+00:00
2026-09-09,2026-09-09T19:58:05+00:00,online,FR,load,chronos2_online,Chronos2 with covariates,Temp+tso_forecast,2208,2026-09-09 23:00:00+00:00,38554.4140625,39175.0,,2026-06-09 16:00:00+00:00,2026-09-09 15:00:00+00:00
2026-09-09,2026-09-09T19:58:05+00:00,online,FR,load,chronos2_online,Chronos2 with covariates,Temp+tso_forecast,2208,2026-09-10 00:00:00+00:00,36863.43359375,37387.5,,2026-06-09 16:00:00+00:00,2026-09-09 15:00:00+00:00
2026-09-09,2026-09-09T19:58:05+00:00,online,FR,load,chronos2_online,Chronos2 with covariates,Temp+tso_forecast,2208,2026-09-10 01:00:00+00:00,35268.265625,35237.5,,2026-06-09 16:00:00+00:00,2026-09-09 15:00:00+00:00
2026-09-09,2026-09-09T19:58:05+00:00,online,FR,load,chronos2_online,Chronos2 with covariates,Temp+tso_forecast,2208,2026-09-10 02:00:00+00:00,34802.40625,34750.0,,2026-06-09 16:00:00+00:00,2026-09-09 15:00:00+00:00
2026-09-09,2026-09-09T19:58:05+00:00,online,FR,load,chronos2_online,Chronos2 with covariates,Temp+tso_forecast,2208,2026-09-10 03:00:00+00:00,36336.375,36125.0,,2026-06-09 16:00:00+00:00,2026-09-09 15:00:00+00:00
2026-09-09,2026-09-09T19:58:05+00:00,online,FR,load,chronos2_online,Chronos2 with covariates,Temp+tso_forecast,2208,2026-09-10 04:00:00+00:00,39703.8359375,39500.0,,2026-06-09 16:00:00+00:00,2026-09-09 15:00:00+00:00
2026-09-09,2026-09-09T19:58:05+00:00,online,FR,load,chronos2_online,Chronos2 with covariates,Temp+tso_forecast,2208,2026-09-10 05:00:00+00:00,42757.29296875,42937.5,,2026-06-09 16:00:00+00:00,2026-09-09 15:00:00+00:00
2026-09-09,2026-09-09T19:58:05+00:00,online,FR,load,chronos2_online,Chronos2 with covariates,Temp+tso_forecast,2208,2026-09-10 06:00:00+00:00,44903.47265625,45250.0,,2026-06-09 16:00:00+00:00,2026-09-09 15:00:00+00:00
2026-09-09,2026-09-09T19:58:05+00:00,online,FR,load,chronos2_online,Chronos2 with covariates,Temp+tso_forecast,2208,2026-09-10 07:00:00+00:00,45611.3984375,46137.5,,2026-06-09 16:00:00+00:00,2026-09-09 15:00:00+00:00
2026-09-09,2026-09-09T19:58:05+00:00,online,FR,load,chronos2_online,Chronos2 with covariates,Temp+tso_forecast,2208,2026-09-10 08:00:00+00:00,46379.9296875,46875.0,,2026-06-09 16:00:00+00:00,2026-09-09 15:00:00+00:00
2026-09-09,2026-09-09T19:58:05+00:00,online,FR,load,chronos2_online,Chronos2 with covariates,Temp+tso_forecast,2208,2026-09-10 09:00:00+00:00,47273.4296875,47162.5,,2026-06-09 16:00:00+00:00,2026-09-09 15:00:00+00:00
2026-09-09,2026-09-09T19:58:05+00:00,online,FR,load,chronos2_online,Chronos2 with covariates,Temp+tso_forecast,2208,2026-09-10 10:00:00+00:00,47935.015625,47962.5,,2026-06-09 16:00:00+00:00,2026-09-09 15:00:00+00:00
2026-09-09,2026-09-09T19:58:05+00:00,online,FR,load,chronos2_online,Chronos2 with covariates,Temp+tso_forecast,2208,2026-09-10 11:00:00+00:00,47142.8046875,47837.5,,2026-06-09 16:00:00+00:00,2026-09-09 15:00:00+00:00
2026-09-09,2026-09-09T19:58:05+00:00,online,FR,load,chronos2_online,Chronos2 with covariates,Temp+tso_forecast,2208,2026-09-10 12:00:00+00:00,47234.59375,48087.5,,2026-06-09 16:00:00+00:00,2026-09-09 15:00:00+00:00
2026-09-09,2026-09-09T19:58:05+00:00,online,FR,load,chronos2_online,Chronos2 with covariates,Temp+tso_forecast,2208,2026-09-10 13:00:00+00:00,46109.96875,46712.5,,2026-06-09 16:00:00+00:00,2026-09-09 15:00:00+00:00
2026-09-09,2026-09-09T19:58:05+00:00,online,FR,load,chronos2_online,Chronos2 with covariates,Temp+tso_forecast,2208,2026-09-10 14:00:00+00:00,44981.21484375,45312.5,,2026-06-09 16:00:00+00:00,2026-09-09 15:00:00+00:00
2026-09-09,2026-09-09T19:58:05+00:00,online,FR,load,chronos2_online,Chronos2 with covariates,Temp+tso_forecast,2208,2026-09-10 15:00:00+00:00,44945.71875,45125.0,,2026-06-09 16:00:00+00:00,2026-09-09 15:00:00+00:00
2026-09-09,2026-09-09T19:58:05+00:00,online,DE,load,tso_reference,TSO forecast,tso_forecast,2208,2026-09-09 16:00:00+00:00,59860.0831865,59860.0831865,,2026-06-09 16:00:00+00:00,2026-09-09 15:00:00+00:00
2026-09-09,2026-09-09T19:58:05+00:00,online,DE,load,tso_reference,TSO forecast,tso_forecast,2208,2026-09-09 17:00:00+00:00,59696.850286,59696.850286,,2026-06-09 16:00:00+00:00,2026-09-09 15:00:00+00:00
2026-09-09,2026-09-09T19:58:05+00:00,online,DE,load,tso_reference,TSO forecast,tso_forecast,2208,2026-09-09 18:00:00+00:00,57732.213136000006,57732.213136000006,,2026-06-09 16:00:00+00:00,2026-09-09 15:00:00+00:00
2026-09-09,2026-09-09T19:58:05+00:00,online,DE,load,tso_reference,TSO forecast,tso_forecast,2208,2026-09-09 19:00:00+00:00,55010.747075499996,55010.747075499996,,2026-06-09 16:00:00+00:00,2026-09-09 15:00:00+00:00
2026-09-09,2026-09-09T19:58:05+00:00,online,DE,load,tso_reference,TSO forecast,tso_forecast,2208,2026-09-09 20:00:00+00:00,51282.227119999996,51282.227119999996,,2026-06-09 16:00:00+00:00,2026-09-09 15:00:00+00:00
2026-09-09,2026-09-09T19:58:05+00:00,online,DE,load,tso_reference,TSO forecast,tso_forecast,2208,2026-09-09 21:00:00+00:00,47630.76697075,47630.76697075,,2026-06-09 16:00:00+00:00,2026-09-09 15:00:00+00:00
2026-09-09,2026-09-09T19:58:05+00:00,online,DE,load,tso_reference,TSO forecast,tso_forecast,2208,2026-09-09 22:00:00+00:00,44407.33485375,44407.33485375,,2026-06-09 16:00:00+00:00,2026-09-09 15:00:00+00:00
2026-09-09,2026-09-09T19:58:05+00:00,online,DE,load,tso_reference,TSO forecast,tso_forecast,2208,2026-09-09 23:00:00+00:00,42553.502969,42553.502969,,2026-06-09 16:00:00+00:00,2026-09-09 15:00:00+00:00
2026-09-09,2026-09-09T19:58:05+00:00,online,DE,load,tso_reference,TSO forecast,tso_forecast,2208,2026-09-10 00:00:00+00:00,41916.680127499996,41916.680127499996,,2026-06-09 16:00:00+00:00,2026-09-09 15:00:00+00:00
2026-09-09,2026-09-09T19:58:05+00:00,online,DE,load,tso_reference,TSO forecast,tso_forecast,2208,2026-09-10 01:00:00+00:00,41915.1545295,41915.1545295,,2026-06-09 16:00:00+00:00,2026-09-09 15:00:00+00:00
2026-09-09,2026-09-09T19:58:05+00:00,online,DE,load,tso_reference,TSO forecast,tso_forecast,2208,2026-09-10 02:00:00+00:00,42811.32577875,42811.32577875,,2026-06-09 16:00:00+00:00,2026-09-09 15:00:00+00:00
2026-09-09,2026-09-09T19:58:05+00:00,online,DE,load,tso_reference,TSO forecast,tso_forecast,2208,2026-09-10 03:00:00+00:00,45730.51655675,45730.51655675,,2026-06-09 16:00:00+00:00,2026-09-09 15:00:00+00:00
2026-09-09,2026-09-09T19:58:05+00:00,online,DE,load,tso_reference,TSO forecast,tso_forecast,2208,2026-09-10 04:00:00+00:00,51787.488324000005,51787.488324000005,,2026-06-09 16:00:00+00:00,2026-09-09 15:00:00+00:00
2026-09-09,2026-09-09T19:58:05+00:00,online,DE,load,tso_reference,TSO forecast,tso_forecast,2208,2026-09-10 05:00:00+00:00,56443.48584625,56443.48584625,,2026-06-09 16:00:00+00:00,2026-09-09 15:00:00+00:00
2026-09-09,2026-09-09T19:58:05+00:00,online,DE,load,tso_reference,TSO forecast,tso_forecast,2208,2026-09-10 06:00:00+00:00,59302.62356375,59302.62356375,,2026-06-09 16:00:00+00:00,2026-09-09 15:00:00+00:00
2026-09-09,2026-09-09T19:58:05+00:00,online,DE,load,tso_reference,TSO forecast,tso_forecast,2208,2026-09-10 07:00:00+00:00,60714.14663475,60714.14663475,,2026-06-09 16:00:00+00:00,2026-09-09 15:00:00+00:00
2026-09-09,2026-09-09T19:58:05+00:00,online,DE,load,tso_reference,TSO forecast,tso_forecast,2208,2026-09-10 08:00:00+00:00,62007.892931,62007.892931,,2026-06-09 16:00:00+00:00,2026-09-09 15:00:00+00:00
2026-09-09,2026-09-09T19:58:05+00:00,online,DE,load,tso_reference,TSO forecast,tso_forecast,2208,2026-09-10 09:00:00+00:00,61919.1501,61919.1501,,2026-06-09 16:00:00+00:00,2026-09-09 15:00:00+00:00
2026-09-09,2026-09-09T19:58:05+00:00,online,DE,load,tso_reference,TSO forecast,tso_forecast,2208,2026-09-10 10:00:00+00:00,61285.666063,61285.666063,,2026-06-09 16:00:00+00:00,2026-09-09 15:00:00+00:00
2026-09-09,2026-09-09T19:58:05+00:00,online,DE,load,tso_reference,TSO forecast,tso_forecast,2208,2026-09-10 11:00:00+00:00,59745.717224500004,59745.717224500004,,2026-06-09 16:00:00+00:00,2026-09-09 15:00:00+00:00
2026-09-09,2026-09-09T19:58:05+00:00,online,DE,load,tso_reference,TSO forecast,tso_forecast,2208,2026-09-10 12:00:00+00:00,58346.1160975,58346.1160975,,2026-06-09 16:00:00+00:00,2026-09-09 15:00:00+00:00
2026-09-09,2026-09-09T19:58:05+00:00,online,DE,load,tso_reference,TSO forecast,tso_forecast,2208,2026-09-10 13:00:00+00:00,57581.673207750006,57581.673207750006,,2026-06-09 16:00:00+00:00,2026-09-09 15:00:00+00:00
2026-09-09,2026-09-09T19:58:05+00:00,online,DE,load,tso_reference,TSO forecast,tso_forecast,2208,2026-09-10 14:00:00+00:00,56838.66552725,56838.66552725,,2026-06-09 16:00:00+00:00,2026-09-09 15:00:00+00:00
2026-09-09,2026-09-09T19:58:05+00:00,online,DE,load,tso_reference,TSO forecast,tso_forecast,2208,2026-09-10 15:00:00+00:00,56878.98550125,56878.98550125,,2026-06-09 16:00:00+00:00,2026-09-09 15:00:00+00:00
2026-09-09,2026-09-09T19:58:05+00:00,online,DE,load,persistence,Persistence,weekly_persistence,2208,2026-09-09 16:00:00+00:00,57570.764526666666,59860.0831865,,2026-06-09 16:00:00+00:00,2026-09-09 15:00:00+00:00
2026-09-09,2026-09-09T19:58:05+00:00,online,DE,load,persistence,Persistence,weekly_persistence,2208,2026-09-09 17:00:00+00:00,56535.3971975,59696.850286,,2026-06-09 16:00:00+00:00,2026-09-09 15:00:00+00:00
2026-09-09,2026-09-09T19:58:05+00:00,online,DE,load,persistence,Persistence,weekly_persistence,2208,2026-09-09 18:00:00+00:00,55575.336227499996,57732.213136000006,,2026-06-09 16:00:00+00:00,2026-09-09 15:00:00+00:00
2026-09-09,2026-09-09T19:58:05+00:00,online,DE,load,persistence,Persistence,weekly_persistence,2208,2026-09-09 19:00:00+00:00,53034.39852333334,55010.747075499996,,2026-06-09 16:00:00+00:00,2026-09-09 15:00:00+00:00
2026-09-09,2026-09-09T19:58:05+00:00,online,DE,load,persistence,Persistence,weekly_persistence,2208,2026-09-09 20:00:00+00:00,49842.856125000006,51282.227119999996,,2026-06-09 16:00:00+00:00,2026-09-09 15:00:00+00:00
2026-09-09,2026-09-09T19:58:05+00:00,online,DE,load,persistence,Persistence,weekly_persistence,2208,2026-09-09 21:00:00+00:00,46095.8329275,47630.76697075,,2026-06-09 16:00:00+00:00,2026-09-09 15:00:00+00:00
2026-09-09,2026-09-09T19:58:05+00:00,online,DE,load,persistence,Persistence,weekly_persistence,2208,2026-09-09 22:00:00+00:00,44029.109019999996,44407.33485375,,2026-06-09 16:00:00+00:00,2026-09-09 15:00:00+00:00
2026-09-09,2026-09-09T19:58:05+00:00,online,DE,load,persistence,Persistence,weekly_persistence,2208,2026-09-09 23:00:00+00:00,42161.2087075,42553.502969,,2026-06-09 16:00:00+00:00,2026-09-09 15:00:00+00:00
2026-09-09,2026-09-09T19:58:05+00:00,online,DE,load,persistence,Persistence,weekly_persistence,2208,2026-09-10 00:00:00+00:00,40350.2478225,41916.680127499996,,2026-06-09 16:00:00+00:00,2026-09-09 15:00:00+00:00
2026-09-09,2026-09-09T19:58:05+00:00,online,DE,load,persistence,Persistence,weekly_persistence,2208,2026-09-10 01:00:00+00:00,40780.98358,41915.1545295,,2026-06-09 16:00:00+00:00,2026-09-09 15:00:00+00:00
2026-09-09,2026-09-09T19:58:05+00:00,online,DE,load,persistence,Persistence,weekly_persistence,2208,2026-09-10 02:00:00+00:00,42761.0279675,42811.32577875,,2026-06-09 16:00:00+00:00,2026-09-09 15:00:00+00:00
2026-09-09,2026-09-09T19:58:05+00:00,online,DE,load,persistence,Persistence,weekly_persistence,2208,2026-09-10 03:00:00+00:00,45411.076765,45730.51655675,,2026-06-09 16:00:00+00:00,2026-09-09 15:00:00+00:00
2026-09-09,2026-09-09T19:58:05+00:00,online,DE,load,persistence,Persistence,weekly_persistence,2208,2026-09-10 04:00:00+00:00,51268.0069675,51787.488324000005,,2026-06-09 16:00:00+00:00,2026-09-09 15:00:00+00:00
2026-09-09,2026-09-09T19:58:05+00:00,online,DE,load,persistence,Persistence,weekly_persistence,2208,2026-09-10 05:00:00+00:00,55146.250230000005,56443.48584625,,2026-06-09 16:00:00+00:00,2026-09-09 15:00:00+00:00
2026-09-09,2026-09-09T19:58:05+00:00,online,DE,load,persistence,Persistence,weekly_persistence,2208,2026-09-10 06:00:00+00:00,57453.5580175,59302.62356375,,2026-06-09 16:00:00+00:00,2026-09-09 15:00:00+00:00
2026-09-09,2026-09-09T19:58:05+00:00,online,DE,load,persistence,Persistence,weekly_persistence,2208,2026-09-10 07:00:00+00:00,59067.456107499995,60714.14663475,,2026-06-09 16:00:00+00:00,2026-09-09 15:00:00+00:00
2026-09-09,2026-09-09T19:58:05+00:00,online,DE,load,persistence,Persistence,weekly_persistence,2208,2026-09-10 08:00:00+00:00,59905.2645375,62007.892931,,2026-06-09 16:00:00+00:00,2026-09-09 15:00:00+00:00
2026-09-09,2026-09-09T19:58:05+00:00,online,DE,load,persistence,Persistence,weekly_persistence,2208,2026-09-10 09:00:00+00:00,60422.79604,61919.1501,,2026-06-09 16:00:00+00:00,2026-09-09 15:00:00+00:00
2026-09-09,2026-09-09T19:58:05+00:00,online,DE,load,persistence,Persistence,weekly_persistence,2208,2026-09-10 10:00:00+00:00,59907.8568375,61285.666063,,2026-06-09 16:00:00+00:00,2026-09-09 15:00:00+00:00
2026-09-09,2026-09-09T19:58:05+00:00,online,DE,load,persistence,Persistence,weekly_persistence,2208,2026-09-10 11:00:00+00:00,60831.0927675,59745.717224500004,,2026-06-09 16:00:00+00:00,2026-09-09 15:00:00+00:00
2026-09-09,2026-09-09T19:58:05+00:00,online,DE,load,persistence,Persistence,weekly_persistence,2208,2026-09-10 12:00:00+00:00,59565.9598025,58346.1160975,,2026-06-09 16:00:00+00:00,2026-09-09 15:00:00+00:00
2026-09-09,2026-09-09T19:58:05+00:00,online,DE,load,persistence,Persistence,weekly_persistence,2208,2026-09-10 13:00:00+00:00,59427.7102,57581.673207750006,,2026-06-09 16:00:00+00:00,2026-09-09 15:00:00+00:00
2026-09-09,2026-09-09T19:58:05+00:00,online,DE,load,persistence,Persistence,weekly_persistence,2208,2026-09-10 14:00:00+00:00,59012.6004125,56838.66552725,,2026-06-09 16:00:00+00:00,2026-09-09 15:00:00+00:00
2026-09-09,2026-09-09T19:58:05+00:00,online,DE,load,persistence,Persistence,weekly_persistence,2208,2026-09-10 15:00:00+00:00,58230.0953175,56878.98550125,,2026-06-09 16:00:00+00:00,2026-09-09 15:00:00+00:00
2026-09-09,2026-09-09T19:58:05+00:00,online,DE,load,ridge_3mo_context,Ridge with covariates,Hum+tso_forecast,2208,2026-09-09 16:00:00+00:00,59256.97959317429,59860.0831865,,2026-06-09 16:00:00+00:00,2026-09-09 15:00:00+00:00
2026-09-09,2026-09-09T19:58:05+00:00,online,DE,load,ridge_3mo_context,Ridge with covariates,Hum+tso_forecast,2208,2026-09-09 17:00:00+00:00,59072.880758606625,59696.850286,,2026-06-09 16:00:00+00:00,2026-09-09 15:00:00+00:00
2026-09-09,2026-09-09T19:58:05+00:00,online,DE,load,ridge_3mo_context,Ridge with covariates,Hum+tso_forecast,2208,2026-09-09 18:00:00+00:00,57137.58659887489,57732.213136000006,,2026-06-09 16:00:00+00:00,2026-09-09 15:00:00+00:00
2026-09-09,2026-09-09T19:58:05+00:00,online,DE,load,ridge_3mo_context,Ridge with covariates,Hum+tso_forecast,2208,2026-09-09 19:00:00+00:00,54476.8144763445,55010.747075499996,,2026-06-09 16:00:00+00:00,2026-09-09 15:00:00+00:00
2026-09-09,2026-09-09T19:58:05+00:00,online,DE,load,ridge_3mo_context,Ridge with covariates,Hum+tso_forecast,2208,2026-09-09 20:00:00+00:00,51074.439836139616,51282.227119999996,,2026-06-09 16:00:00+00:00,2026-09-09 15:00:00+00:00
2026-09-09,2026-09-09T19:58:05+00:00,online,DE,load,ridge_3mo_context,Ridge with covariates,Hum+tso_forecast,2208,2026-09-09 21:00:00+00:00,47628.95408176011,47630.76697075,,2026-06-09 16:00:00+00:00,2026-09-09 15:00:00+00:00
2026-09-09,2026-09-09T19:58:05+00:00,online,DE,load,ridge_3mo_context,Ridge with covariates,Hum+tso_forecast,2208,2026-09-09 22:00:00+00:00,44683.60334571395,44407.33485375,,2026-06-09 16:00:00+00:00,2026-09-09 15:00:00+00:00
2026-09-09,2026-09-09T19:58:05+00:00,online,DE,load,ridge_3mo_context,Ridge with covariates,Hum+tso_forecast,2208,2026-09-09 23:00:00+00:00,42988.5321159588,42553.502969,,2026-06-09 16:00:00+00:00,2026-09-09 15:00:00+00:00
2026-09-09,2026-09-09T19:58:05+00:00,online,DE,load,ridge_3mo_context,Ridge with covariates,Hum+tso_forecast,2208,2026-09-10 00:00:00+00:00,42649.45462552011,41916.680127499996,,2026-06-09 16:00:00+00:00,2026-09-09 15:00:00+00:00
2026-09-09,2026-09-09T19:58:05+00:00,online,DE,load,ridge_3mo_context,Ridge with covariates,Hum+tso_forecast,2208,2026-09-10 01:00:00+00:00,42490.02888821267,41915.1545295,,2026-06-09 16:00:00+00:00,2026-09-09 15:00:00+00:00
2026-09-09,2026-09-09T19:58:05+00:00,online,DE,load,ridge_3mo_context,Ridge with covariates,Hum+tso_forecast,2208,2026-09-10 02:00:00+00:00,43358.02580756329,42811.32577875,,2026-06-09 16:00:00+00:00,2026-09-09 15:00:00+00:00
2026-09-09,2026-09-09T19:58:05+00:00,online,DE,load,ridge_3mo_context,Ridge with covariates,Hum+tso_forecast,2208,2026-09-10 03:00:00+00:00,45962.095405706685,45730.51655675,,2026-06-09 16:00:00+00:00,2026-09-09 15:00:00+00:00
2026-09-09,2026-09-09T19:58:05+00:00,online,DE,load,ridge_3mo_context,Ridge with covariates,Hum+tso_forecast,2208,2026-09-10 04:00:00+00:00,51559.01202329018,51787.488324000005,,2026-06-09 16:00:00+00:00,2026-09-09 15:00:00+00:00
2026-09-09,2026-09-09T19:58:05+00:00,online,DE,load,ridge_3mo_context,Ridge with covariates,Hum+tso_forecast,2208,2026-09-10 05:00:00+00:00,55837.55648915826,56443.48584625,,2026-06-09 16:00:00+00:00,2026-09-09 15:00:00+00:00
2026-09-09,2026-09-09T19:58:05+00:00,online,DE,load,ridge_3mo_context,Ridge with covariates,Hum+tso_forecast,2208,2026-09-10 06:00:00+00:00,58562.453250418155,59302.62356375,,2026-06-09 16:00:00+00:00,2026-09-09 15:00:00+00:00
2026-09-09,2026-09-09T19:58:05+00:00,online,DE,load,ridge_3mo_context,Ridge with covariates,Hum+tso_forecast,2208,2026-09-10 07:00:00+00:00,59939.591604647096,60714.14663475,,2026-06-09 16:00:00+00:00,2026-09-09 15:00:00+00:00
2026-09-09,2026-09-09T19:58:05+00:00,online,DE,load,ridge_3mo_context,Ridge with covariates,Hum+tso_forecast,2208,2026-09-10 08:00:00+00:00,61158.36560745626,62007.892931,,2026-06-09 16:00:00+00:00,2026-09-09 15:00:00+00:00
2026-09-09,2026-09-09T19:58:05+00:00,online,DE,load,ridge_3mo_context,Ridge with covariates,Hum+tso_forecast,2208,2026-09-10 09:00:00+00:00,61198.38031319394,61919.1501,,2026-06-09 16:00:00+00:00,2026-09-09 15:00:00+00:00
2026-09-09,2026-09-09T19:58:05+00:00,online,DE,load,ridge_3mo_context,Ridge with covariates,Hum+tso_forecast,2208,2026-09-10 10:00:00+00:00,60671.59082364716,61285.666063,,2026-06-09 16:00:00+00:00,2026-09-09 15:00:00+00:00
2026-09-09,2026-09-09T19:58:05+00:00,online,DE,load,ridge_3mo_context,Ridge with covariates,Hum+tso_forecast,2208,2026-09-10 11:00:00+00:00,59249.27396389654,59745.717224500004,,2026-06-09 16:00:00+00:00,2026-09-09 15:00:00+00:00
2026-09-09,2026-09-09T19:58:05+00:00,online,DE,load,ridge_3mo_context,Ridge with covariates,Hum+tso_forecast,2208,2026-09-10 12:00:00+00:00,57960.28554907421,58346.1160975,,2026-06-09 16:00:00+00:00,2026-09-09 15:00:00+00:00
2026-09-09,2026-09-09T19:58:05+00:00,online,DE,load,ridge_3mo_context,Ridge with covariates,Hum+tso_forecast,2208,2026-09-10 13:00:00+00:00,57269.039290588,57581.673207750006,,2026-06-09 16:00:00+00:00,2026-09-09 15:00:00+00:00
2026-09-09,2026-09-09T19:58:05+00:00,online,DE,load,ridge_3mo_context,Ridge with covariates,Hum+tso_forecast,2208,2026-09-10 14:00:00+00:00,56486.563560987226,56838.66552725,,2026-06-09 16:00:00+00:00,2026-09-09 15:00:00+00:00
2026-09-09,2026-09-09T19:58:05+00:00,online,DE,load,ridge_3mo_context,Ridge with covariates,Hum+tso_forecast,2208,2026-09-10 15:00:00+00:00,56445.410032977205,56878.98550125,,2026-06-09 16:00:00+00:00,2026-09-09 15:00:00+00:00
2026-09-09,2026-09-09T19:58:05+00:00,online,DE,load,chronos2_online,Chronos2 with covariates,Hum+tso_forecast,2208,2026-09-09 16:00:00+00:00,59426.6875,59860.0831865,,2026-06-09 16:00:00+00:00,2026-09-09 15:00:00+00:00
2026-09-09,2026-09-09T19:58:05+00:00,online,DE,load,chronos2_online,Chronos2 with covariates,Hum+tso_forecast,2208,2026-09-09 17:00:00+00:00,58819.10546875,59696.850286,,2026-06-09 16:00:00+00:00,2026-09-09 15:00:00+00:00
2026-09-09,2026-09-09T19:58:05+00:00,online,DE,load,chronos2_online,Chronos2 with covariates,Hum+tso_forecast,2208,2026-09-09 18:00:00+00:00,57565.19921875,57732.213136000006,,2026-06-09 16:00:00+00:00,2026-09-09 15:00:00+00:00
2026-09-09,2026-09-09T19:58:05+00:00,online,DE,load,chronos2_online,Chronos2 with covariates,Hum+tso_forecast,2208,2026-09-09 19:00:00+00:00,54631.703125,55010.747075499996,,2026-06-09 16:00:00+00:00,2026-09-09 15:00:00+00:00
2026-09-09,2026-09-09T19:58:05+00:00,online,DE,load,chronos2_online,Chronos2 with covariates,Hum+tso_forecast,2208,2026-09-09 20:00:00+00:00,51207.3046875,51282.227119999996,,2026-06-09 16:00:00+00:00,2026-09-09 15:00:00+00:00
2026-09-09,2026-09-09T19:58:05+00:00,online,DE,load,chronos2_online,Chronos2 with covariates,Hum+tso_forecast,2208,2026-09-09 21:00:00+00:00,48419.53125,47630.76697075,,2026-06-09 16:00:00+00:00,2026-09-09 15:00:00+00:00
2026-09-09,2026-09-09T19:58:05+00:00,online,DE,load,chronos2_online,Chronos2 with covariates,Hum+tso_forecast,2208,2026-09-09 22:00:00+00:00,45760.83203125,44407.33485375,,2026-06-09 16:00:00+00:00,2026-09-09 15:00:00+00:00
2026-09-09,2026-09-09T19:58:05+00:00,online,DE,load,chronos2_online,Chronos2 with covariates,Hum+tso_forecast,2208,2026-09-09 23:00:00+00:00,44357.0625,42553.502969,,2026-06-09 16:00:00+00:00,2026-09-09 15:00:00+00:00
2026-09-09,2026-09-09T19:58:05+00:00,online,DE,load,chronos2_online,Chronos2 with covariates,Hum+tso_forecast,2208,2026-09-10 00:00:00+00:00,43602.9921875,41916.680127499996,,2026-06-09 16:00:00+00:00,2026-09-09 15:00:00+00:00
2026-09-09,2026-09-09T19:58:05+00:00,online,DE,load,chronos2_online,Chronos2 with covariates,Hum+tso_forecast,2208,2026-09-10 01:00:00+00:00,43503.671875,41915.1545295,,2026-06-09 16:00:00+00:00,2026-09-09 15:00:00+00:00
2026-09-09,2026-09-09T19:58:05+00:00,online,DE,load,chronos2_online,Chronos2 with covariates,Hum+tso_forecast,2208,2026-09-10 02:00:00+00:00,44628.0,42811.32577875,,2026-06-09 16:00:00+00:00,2026-09-09 15:00:00+00:00
2026-09-09,2026-09-09T19:58:05+00:00,online,DE,load,chronos2_online,Chronos2 with covariates,Hum+tso_forecast,2208,2026-09-10 03:00:00+00:00,47798.44921875,45730.51655675,,2026-06-09 16:00:00+00:00,2026-09-09 15:00:00+00:00
2026-09-09,2026-09-09T19:58:05+00:00,online,DE,load,chronos2_online,Chronos2 with covariates,Hum+tso_forecast,2208,2026-09-10 04:00:00+00:00,53507.7734375,51787.488324000005,,2026-06-09 16:00:00+00:00,2026-09-09 15:00:00+00:00
2026-09-09,2026-09-09T19:58:05+00:00,online,DE,load,chronos2_online,Chronos2 with covariates,Hum+tso_forecast,2208,2026-09-10 05:00:00+00:00,57752.1015625,56443.48584625,,2026-06-09 16:00:00+00:00,2026-09-09 15:00:00+00:00
2026-09-09,2026-09-09T19:58:05+00:00,online,DE,load,chronos2_online,Chronos2 with covariates,Hum+tso_forecast,2208,2026-09-10 06:00:00+00:00,61122.07421875,59302.62356375,,2026-06-09 16:00:00+00:00,2026-09-09 15:00:00+00:00
2026-09-09,2026-09-09T19:58:05+00:00,online,DE,load,chronos2_online,Chronos2 with covariates,Hum+tso_forecast,2208,2026-09-10 07:00:00+00:00,62199.25,60714.14663475,,2026-06-09 16:00:00+00:00,2026-09-09 15:00:00+00:00
2026-09-09,2026-09-09T19:58:05+00:00,online,DE,load,chronos2_online,Chronos2 with covariates,Hum+tso_forecast,2208,2026-09-10 08:00:00+00:00,62561.0546875,62007.892931,,2026-06-09 16:00:00+00:00,2026-09-09 15:00:00+00:00
2026-09-09,2026-09-09T19:58:05+00:00,online,DE,load,chronos2_online,Chronos2 with covariates,Hum+tso_forecast,2208,2026-09-10 09:00:00+00:00,62408.9375,61919.1501,,2026-06-09 16:00:00+00:00,2026-09-09 15:00:00+00:00
2026-09-09,2026-09-09T19:58:05+00:00,online,DE,load,chronos2_online,Chronos2 with covariates,Hum+tso_forecast,2208,2026-09-10 10:00:00+00:00,61893.6953125,61285.666063,,2026-06-09 16:00:00+00:00,2026-09-09 15:00:00+00:00
2026-09-09,2026-09-09T19:58:05+00:00,online,DE,load,chronos2_online,Chronos2 with covariates,Hum+tso_forecast,2208,2026-09-10 11:00:00+00:00,60906.83203125,59745.717224500004,,2026-06-09 16:00:00+00:00,2026-09-09 15:00:00+00:00
2026-09-09,2026-09-09T19:58:05+00:00,online,DE,load,chronos2_online,Chronos2 with covariates,Hum+tso_forecast,2208,2026-09-10 12:00:00+00:00,59652.078125,58346.1160975,,2026-06-09 16:00:00+00:00,2026-09-09 15:00:00+00:00
2026-09-09,2026-09-09T19:58:05+00:00,online,DE,load,chronos2_online,Chronos2 with covariates,Hum+tso_forecast,2208,2026-09-10 13:00:00+00:00,58682.8203125,57581.673207750006,,2026-06-09 16:00:00+00:00,2026-09-09 15:00:00+00:00
2026-09-09,2026-09-09T19:58:05+00:00,online,DE,load,chronos2_online,Chronos2 with covariates,Hum+tso_forecast,2208,2026-09-10 14:00:00+00:00,58237.7734375,56838.66552725,,2026-06-09 16:00:00+00:00,2026-09-09 15:00:00+00:00
2026-09-09,2026-09-09T19:58:05+00:00,online,DE,load,chronos2_online,Chronos2 with covariates,Hum+tso_forecast,2208,2026-09-10 15:00:00+00:00,58603.63671875,56878.98550125,,2026-06-09 16:00:00+00:00,2026-09-09 15:00:00+00:00
