country,type,point,era5_lat,era5_lon,reference_lat,reference_lon,selection_method,cluster_id,cluster_assets,cluster_capacity_mw,distance_reference_era5_km,gfs_lat,gfs_lon,distance_gfs_era5_km
BE,load,1,50.74599838256836,4.466000080108643,50.74599838256836,4.466000080108643,offline_selected_forecast_grid,,,,0.0,50.74599838256836,4.466000080108643,0.0
BE,load,2,50.74599838256836,5.509999752044678,50.74599838256836,5.509999752044678,offline_selected_forecast_grid,,,,0.0,50.74599838256836,5.509999752044678,0.0
BE,load,3,51.2140007019043,3.044999837875366,51.2140007019043,3.044999837875366,offline_selected_forecast_grid,,,,0.0,51.2140007019043,3.044999837875366,0.0
BE,load,4,50.97999954223633,3.508999824523926,50.97999954223633,3.508999824523926,offline_selected_forecast_grid,,,,0.0,50.97999954223633,3.508999824523926,0.0
DE,load,1,48.52000045776367,10.779998779296877,48.52000045776367,10.779998779296877,offline_selected_forecast_grid,,,,0.0,48.52000045776367,10.779998779296877,0.0
DE,load,2,50.279998779296875,7.739999294281006,50.279998779296875,7.739999294281006,offline_selected_forecast_grid,,,,0.0,50.279998779296875,7.739999294281006,0.0
DE,load,3,52.040000915527344,13.0,52.040000915527344,13.0,offline_selected_forecast_grid,,,,0.0,52.040000915527344,13.0,0.0
DE,load,4,52.959999084472656,9.5,52.959999084472656,9.5,offline_selected_forecast_grid,,,,0.0,52.959999084472656,9.5,0.0
DK1,load,1,56.25,10.25,56.25,10.25,offline_selected_forecast_grid,,,,0.0,56.25,10.25,0.0
DK1,load,2,55.75,8.5,55.75,8.5,offline_selected_forecast_grid,,,,0.0,55.75,8.5,0.0
DK1,load,3,55.5,10.5,55.5,10.5,offline_selected_forecast_grid,,,,0.0,55.5,10.5,0.0
DK1,load,4,55.5,9.75,55.5,9.75,offline_selected_forecast_grid,,,,0.0,55.5,9.75,0.0
DK2,load,1,55.75,12.5,55.75,12.5,offline_selected_forecast_grid,,,,0.0,55.75,12.5,0.0
DK2,load,2,55.25,14.75,55.25,14.75,offline_selected_forecast_grid,,,,0.0,55.25,14.75,0.0
DK2,load,3,55.25,11.5,55.25,11.5,offline_selected_forecast_grid,,,,0.0,55.25,11.5,0.0
DK2,load,4,55.5,12.0,55.5,12.0,offline_selected_forecast_grid,,,,0.0,55.5,12.0,0.0
ES,load,1,40.5625,1.5,40.5625,1.5,offline_selected_forecast_grid,,,,0.0,40.5625,1.5,0.0
ES,load,2,28.01405906677246,-15.440185546875,28.01405906677246,-15.440185546875,offline_selected_forecast_grid,,,,0.0,28.01405906677246,-15.440185546875,0.0
ES,load,3,38.8125,-6.4375,38.8125,-6.4375,offline_selected_forecast_grid,,,,0.0,38.8125,-6.4375,0.0
ES,load,4,41.9375,-3.25,41.9375,-3.25,offline_selected_forecast_grid,,,,0.0,41.9375,-3.25,0.0
FR,load,1,48.76000213623047,2.2199997901916504,48.76000213623047,2.2199997901916504,offline_selected_forecast_grid,,,,0.0,48.76000213623047,2.2199997901916504,0.0
FR,load,2,45.2400016784668,5.039999485015869,45.2400016784668,5.039999485015869,offline_selected_forecast_grid,,,,0.0,45.2400016784668,5.039999485015869,0.0
FR,load,3,43.47999954223633,1.5199999809265137,43.47999954223633,1.5199999809265137,offline_selected_forecast_grid,,,,0.0,43.47999954223633,1.5199999809265137,0.0
FR,load,4,50.74599838256836,3.044999837875366,50.74599838256836,3.044999837875366,offline_selected_forecast_grid,,,,0.0,50.74599838256836,3.044999837875366,0.0
NL,load,1,52.02399826049805,4.466000080108643,52.02399826049805,4.466000080108643,offline_selected_forecast_grid,,,,0.0,52.02399826049805,4.466000080108643,0.0
NL,load,2,51.790000915527344,5.509999752044678,51.790000915527344,5.509999752044678,offline_selected_forecast_grid,,,,0.0,51.790000915527344,5.509999752044678,0.0
NL,load,3,52.72599792480469,6.785999774932861,52.72599792480469,6.785999774932861,offline_selected_forecast_grid,,,,0.0,52.72599792480469,6.785999774932861,0.0
NL,load,4,52.257999420166016,5.046000003814697,52.257999420166016,5.046000003814697,offline_selected_forecast_grid,,,,0.0,52.257999420166016,5.046000003814697,0.0
PT,load,1,41.25,-8.5625,41.25,-8.5625,offline_selected_forecast_grid,,,,0.0,41.25,-8.5625,0.0
PT,load,2,38.875,-9.0,38.875,-9.0,offline_selected_forecast_grid,,,,0.0,38.875,-9.0,0.0
PT,load,3,37.125,-8.1875,37.125,-8.1875,offline_selected_forecast_grid,,,,0.0,37.125,-8.1875,0.0
PT,load,4,40.1875,-8.5625,40.1875,-8.5625,offline_selected_forecast_grid,,,,0.0,40.1875,-8.5625,0.0
