logged_at,run_date,zone,target,stage,message,context,status
2026-08-31T08:12:07+00:00,2026-08-30,BE,load,data_or_features,503 Server Error: Service Unavailable for url: https://web-api.tp.entsoe.eu/api?documentType=A65&processType=A01&outBiddingZone_Domain=10YBE----------2&securityToken=6a20f3fc-7226-4f1b-8715-968f741b036c&periodStart=202608301600&periodEnd=202608311600,{},resolved_after_backfill
2026-08-31T08:12:29+00:00,2026-08-30,BE,solar,data_or_features,503 Server Error: Service Unavailable for url: https://web-api.tp.entsoe.eu/api?documentType=A69&processType=A01&in_Domain=10YBE----------2&psrType=B16&securityToken=6a20f3fc-7226-4f1b-8715-968f741b036c&periodStart=202608301600&periodEnd=202608311600,{},resolved_after_backfill
2026-08-31T08:12:45+00:00,2026-08-30,BE,wind_onshore,data_or_features,503 Server Error: Service Unavailable for url: https://web-api.tp.entsoe.eu/api?documentType=A69&processType=A01&in_Domain=10YBE----------2&psrType=B19&securityToken=6a20f3fc-7226-4f1b-8715-968f741b036c&periodStart=202608301600&periodEnd=202608311600,{},resolved_after_backfill
2026-08-31T08:12:52+00:00,2026-08-30,BE,wind_offshore,data_or_features,503 Server Error: Service Unavailable for url: https://web-api.tp.entsoe.eu/api?documentType=A69&processType=A01&in_Domain=10YBE----------2&psrType=B18&securityToken=6a20f3fc-7226-4f1b-8715-968f741b036c&periodStart=202608301600&periodEnd=202608311600,{},resolved_after_backfill
2026-08-31T08:14:57+00:00,2026-08-30,FR,load,data_or_features,503 Server Error: Service Unavailable for url: https://web-api.tp.entsoe.eu/api?documentType=A65&processType=A01&outBiddingZone_Domain=10YFR-RTE------C&securityToken=6a20f3fc-7226-4f1b-8715-968f741b036c&periodStart=202608301600&periodEnd=202608311600,{},resolved_after_backfill
2026-08-31T08:15:08+00:00,2026-08-30,FR,solar,data_or_features,503 Server Error: Service Unavailable for url: https://web-api.tp.entsoe.eu/api?documentType=A69&processType=A01&in_Domain=10YFR-RTE------C&psrType=B16&securityToken=6a20f3fc-7226-4f1b-8715-968f741b036c&periodStart=202608301600&periodEnd=202608311600,{},resolved_after_backfill
2026-08-31T08:15:14+00:00,2026-08-30,FR,wind_onshore,data_or_features,503 Server Error: Service Unavailable for url: https://web-api.tp.entsoe.eu/api?documentType=A69&processType=A01&in_Domain=10YFR-RTE------C&psrType=B19&securityToken=6a20f3fc-7226-4f1b-8715-968f741b036c&periodStart=202608301600&periodEnd=202608311600,{},resolved_after_backfill
2026-08-31T08:15:35+00:00,2026-08-30,FR,wind_offshore,data_or_features,503 Server Error: Service Unavailable for url: https://web-api.tp.entsoe.eu/api?documentType=A69&processType=A01&in_Domain=10YFR-RTE------C&psrType=B18&securityToken=6a20f3fc-7226-4f1b-8715-968f741b036c&periodStart=202608301600&periodEnd=202608311600,{},resolved_after_backfill
2026-08-31T08:15:42+00:00,2026-08-30,DE,load,data_or_features,503 Server Error: Service Unavailable for url: https://web-api.tp.entsoe.eu/api?documentType=A65&processType=A01&outBiddingZone_Domain=10Y1001A1001A83F&securityToken=6a20f3fc-7226-4f1b-8715-968f741b036c&periodStart=202608301600&periodEnd=202608311600,{},resolved_after_backfill
2026-08-31T08:15:55+00:00,2026-08-30,DE,solar,data_or_features,503 Server Error: Service Unavailable for url: https://web-api.tp.entsoe.eu/api?documentType=A69&processType=A01&in_Domain=10Y1001A1001A83F&psrType=B16&securityToken=6a20f3fc-7226-4f1b-8715-968f741b036c&periodStart=202608301600&periodEnd=202608311600,{},resolved_after_backfill
2026-08-31T08:16:01+00:00,2026-08-30,DE,wind_onshore,data_or_features,503 Server Error: Service Unavailable for url: https://web-api.tp.entsoe.eu/api?documentType=A69&processType=A01&in_Domain=10Y1001A1001A83F&psrType=B19&securityToken=6a20f3fc-7226-4f1b-8715-968f741b036c&periodStart=202608301600&periodEnd=202608311600,{},resolved_after_backfill
2026-08-31T08:17:07+00:00,2026-08-30,DE,wind_offshore,data_or_features,503 Server Error: Service Unavailable for url: https://web-api.tp.entsoe.eu/api?documentType=A69&processType=A01&in_Domain=10Y1001A1001A83F&psrType=B18&securityToken=6a20f3fc-7226-4f1b-8715-968f741b036c&periodStart=202608301600&periodEnd=202608311600,{},resolved_after_backfill
2026-08-31T21:58:55+00:00,2026-08-31,BE,load,data_or_features,503 Server Error: Service Unavailable for url: https://web-api.tp.entsoe.eu/api?documentType=A65&processType=A01&outBiddingZone_Domain=10YBE----------2&securityToken=6a20f3fc-7226-4f1b-8715-968f741b036c&periodStart=202608311600&periodEnd=202609011600,{},resolved_after_backfill
2026-08-31T21:59:03+00:00,2026-08-31,BE,solar,data_or_features,503 Server Error: Service Unavailable for url: https://web-api.tp.entsoe.eu/api?documentType=A69&processType=A01&in_Domain=10YBE----------2&psrType=B16&securityToken=6a20f3fc-7226-4f1b-8715-968f741b036c&periodStart=202608311600&periodEnd=202609011600,{},resolved_after_backfill
2026-08-31T21:59:05+00:00,2026-08-31,BE,wind_onshore,data_or_features,503 Server Error: Service Unavailable for url: https://web-api.tp.entsoe.eu/api?documentType=A69&processType=A01&in_Domain=10YBE----------2&psrType=B19&securityToken=6a20f3fc-7226-4f1b-8715-968f741b036c&periodStart=202608311600&periodEnd=202609011600,{},resolved_after_backfill
2026-08-31T21:59:10+00:00,2026-08-31,BE,wind_offshore,data_or_features,503 Server Error: Service Unavailable for url: https://web-api.tp.entsoe.eu/api?documentType=A69&processType=A01&in_Domain=10YBE----------2&psrType=B18&securityToken=6a20f3fc-7226-4f1b-8715-968f741b036c&periodStart=202608311600&periodEnd=202609011600,{},resolved_after_backfill
2026-08-31T21:59:11+00:00,2026-08-31,FR,load,data_or_features,503 Server Error: Service Unavailable for url: https://web-api.tp.entsoe.eu/api?documentType=A65&processType=A01&outBiddingZone_Domain=10YFR-RTE------C&securityToken=6a20f3fc-7226-4f1b-8715-968f741b036c&periodStart=202608311600&periodEnd=202609011600,{},resolved_after_backfill
2026-08-31T21:59:13+00:00,2026-08-31,FR,solar,data_or_features,503 Server Error: Service Unavailable for url: https://web-api.tp.entsoe.eu/api?documentType=A69&processType=A01&in_Domain=10YFR-RTE------C&psrType=B16&securityToken=6a20f3fc-7226-4f1b-8715-968f741b036c&periodStart=202608311600&periodEnd=202609011600,{},resolved_after_backfill
2026-08-31T21:59:15+00:00,2026-08-31,FR,wind_onshore,data_or_features,503 Server Error: Service Unavailable for url: https://web-api.tp.entsoe.eu/api?documentType=A69&processType=A01&in_Domain=10YFR-RTE------C&psrType=B19&securityToken=6a20f3fc-7226-4f1b-8715-968f741b036c&periodStart=202608311600&periodEnd=202609011600,{},resolved_after_backfill
2026-08-31T21:59:20+00:00,2026-08-31,FR,wind_offshore,data_or_features,503 Server Error: Service Unavailable for url: https://web-api.tp.entsoe.eu/api?documentType=A69&processType=A01&in_Domain=10YFR-RTE------C&psrType=B18&securityToken=6a20f3fc-7226-4f1b-8715-968f741b036c&periodStart=202608311600&periodEnd=202609011600,{},resolved_after_backfill
2026-08-31T21:59:30+00:00,2026-08-31,DE,load,data_or_features,503 Server Error: Service Unavailable for url: https://web-api.tp.entsoe.eu/api?documentType=A65&processType=A01&outBiddingZone_Domain=10Y1001A1001A83F&securityToken=6a20f3fc-7226-4f1b-8715-968f741b036c&periodStart=202608311600&periodEnd=202609011600,{},resolved_after_backfill
2026-08-31T21:59:36+00:00,2026-08-31,DE,solar,data_or_features,503 Server Error: Service Unavailable for url: https://web-api.tp.entsoe.eu/api?documentType=A69&processType=A01&in_Domain=10Y1001A1001A83F&psrType=B16&securityToken=6a20f3fc-7226-4f1b-8715-968f741b036c&periodStart=202608311600&periodEnd=202609011600,{},resolved_after_backfill
2026-08-31T21:59:38+00:00,2026-08-31,DE,wind_onshore,data_or_features,503 Server Error: Service Unavailable for url: https://web-api.tp.entsoe.eu/api?documentType=A69&processType=A01&in_Domain=10Y1001A1001A83F&psrType=B19&securityToken=6a20f3fc-7226-4f1b-8715-968f741b036c&periodStart=202608311600&periodEnd=202609011600,{},resolved_after_backfill
2026-08-31T21:59:45+00:00,2026-08-31,DE,wind_offshore,data_or_features,503 Server Error: Service Unavailable for url: https://web-api.tp.entsoe.eu/api?documentType=A69&processType=A01&in_Domain=10Y1001A1001A83F&psrType=B18&securityToken=6a20f3fc-7226-4f1b-8715-968f741b036c&periodStart=202608311600&periodEnd=202609011600,{},resolved_after_backfill
2026-09-01T21:56:13+00:00,2026-09-01,BE,load,data_or_features,503 Server Error: Service Unavailable for url: https://web-api.tp.entsoe.eu/api?documentType=A65&processType=A01&outBiddingZone_Domain=10YBE----------2&securityToken=6a20f3fc-7226-4f1b-8715-968f741b036c&periodStart=202609011600&periodEnd=202609021600,{},resolved_after_backfill
2026-09-01T21:56:25+00:00,2026-09-01,BE,solar,data_or_features,503 Server Error: Service Unavailable for url: https://web-api.tp.entsoe.eu/api?documentType=A69&processType=A01&in_Domain=10YBE----------2&psrType=B16&securityToken=6a20f3fc-7226-4f1b-8715-968f741b036c&periodStart=202609011600&periodEnd=202609021600,{},resolved_after_backfill
2026-09-01T21:56:33+00:00,2026-09-01,BE,wind_onshore,data_or_features,503 Server Error: Service Unavailable for url: https://web-api.tp.entsoe.eu/api?documentType=A69&processType=A01&in_Domain=10YBE----------2&psrType=B19&securityToken=6a20f3fc-7226-4f1b-8715-968f741b036c&periodStart=202609011600&periodEnd=202609021600,{},resolved_after_backfill
2026-09-01T21:56:38+00:00,2026-09-01,BE,wind_offshore,data_or_features,503 Server Error: Service Unavailable for url: https://web-api.tp.entsoe.eu/api?documentType=A69&processType=A01&in_Domain=10YBE----------2&psrType=B18&securityToken=6a20f3fc-7226-4f1b-8715-968f741b036c&periodStart=202609011600&periodEnd=202609021600,{},resolved_after_backfill
2026-09-01T21:56:45+00:00,2026-09-01,FR,load,data_or_features,503 Server Error: Service Unavailable for url: https://web-api.tp.entsoe.eu/api?documentType=A65&processType=A01&outBiddingZone_Domain=10YFR-RTE------C&securityToken=6a20f3fc-7226-4f1b-8715-968f741b036c&periodStart=202609011600&periodEnd=202609021600,{},resolved_after_backfill
2026-09-01T21:56:54+00:00,2026-09-01,FR,solar,data_or_features,503 Server Error: Service Unavailable for url: https://web-api.tp.entsoe.eu/api?documentType=A69&processType=A01&in_Domain=10YFR-RTE------C&psrType=B16&securityToken=6a20f3fc-7226-4f1b-8715-968f741b036c&periodStart=202609011600&periodEnd=202609021600,{},resolved_after_backfill
2026-09-01T21:57:01+00:00,2026-09-01,FR,wind_onshore,data_or_features,503 Server Error: Service Unavailable for url: https://web-api.tp.entsoe.eu/api?documentType=A69&processType=A01&in_Domain=10YFR-RTE------C&psrType=B19&securityToken=6a20f3fc-7226-4f1b-8715-968f741b036c&periodStart=202609011600&periodEnd=202609021600,{},resolved_after_backfill
2026-09-01T21:57:06+00:00,2026-09-01,FR,wind_offshore,data_or_features,503 Server Error: Service Unavailable for url: https://web-api.tp.entsoe.eu/api?documentType=A69&processType=A01&in_Domain=10YFR-RTE------C&psrType=B18&securityToken=6a20f3fc-7226-4f1b-8715-968f741b036c&periodStart=202609011600&periodEnd=202609021600,{},resolved_after_backfill
2026-09-01T21:57:18+00:00,2026-09-01,DE,load,data_or_features,503 Server Error: Service Unavailable for url: https://web-api.tp.entsoe.eu/api?documentType=A65&processType=A01&outBiddingZone_Domain=10Y1001A1001A83F&securityToken=6a20f3fc-7226-4f1b-8715-968f741b036c&periodStart=202609011600&periodEnd=202609021600,{},resolved_after_backfill
2026-09-01T21:57:20+00:00,2026-09-01,DE,solar,data_or_features,503 Server Error: Service Unavailable for url: https://web-api.tp.entsoe.eu/api?documentType=A69&processType=A01&in_Domain=10Y1001A1001A83F&psrType=B16&securityToken=6a20f3fc-7226-4f1b-8715-968f741b036c&periodStart=202609011600&periodEnd=202609021600,{},resolved_after_backfill
2026-09-01T21:57:28+00:00,2026-09-01,DE,wind_onshore,data_or_features,503 Server Error: Service Unavailable for url: https://web-api.tp.entsoe.eu/api?documentType=A69&processType=A01&in_Domain=10Y1001A1001A83F&psrType=B19&securityToken=6a20f3fc-7226-4f1b-8715-968f741b036c&periodStart=202609011600&periodEnd=202609021600,{},resolved_after_backfill
2026-09-01T21:57:32+00:00,2026-09-01,DE,wind_offshore,data_or_features,503 Server Error: Service Unavailable for url: https://web-api.tp.entsoe.eu/api?documentType=A69&processType=A01&in_Domain=10Y1001A1001A83F&psrType=B18&securityToken=6a20f3fc-7226-4f1b-8715-968f741b036c&periodStart=202609011600&periodEnd=202609021600,{},resolved_after_backfill
2026-09-02T21:57:08+00:00,2026-09-02,BE,load,data_or_features,400 Client Error: Bad Request for url: https://web-api.tp.entsoe.eu/api?documentType=A65&processType=A16&outBiddingZone_Domain=10YBE----------2&out_Domain=10YBE----------2&securityToken=6a20f3fc-7226-4f1b-8715-968f741b036c&periodStart=202605301600&periodEnd=202609021600,{},resolved_after_backfill
2026-09-02T21:57:21+00:00,2026-09-02,BE,solar,data_or_features,400 Client Error: Bad Request for url: https://web-api.tp.entsoe.eu/api?documentType=A75&processType=A16&in_Domain=10YBE----------2&psrType=B16&securityToken=6a20f3fc-7226-4f1b-8715-968f741b036c&periodStart=202605301600&periodEnd=202609021600,{},resolved_after_backfill
2026-09-02T21:57:38+00:00,2026-09-02,BE,wind_onshore,data_or_features,400 Client Error: Bad Request for url: https://web-api.tp.entsoe.eu/api?documentType=A75&processType=A16&in_Domain=10YBE----------2&psrType=B19&securityToken=6a20f3fc-7226-4f1b-8715-968f741b036c&periodStart=202605301600&periodEnd=202609021600,{},resolved_after_backfill
2026-09-02T21:57:52+00:00,2026-09-02,BE,wind_offshore,data_or_features,400 Client Error: Bad Request for url: https://web-api.tp.entsoe.eu/api?documentType=A75&processType=A16&in_Domain=10YBE----------2&psrType=B18&securityToken=6a20f3fc-7226-4f1b-8715-968f741b036c&periodStart=202605301600&periodEnd=202609021600,{},resolved_after_backfill
2026-09-02T21:58:08+00:00,2026-09-02,FR,load,data_or_features,400 Client Error: Bad Request for url: https://web-api.tp.entsoe.eu/api?documentType=A65&processType=A16&outBiddingZone_Domain=10YFR-RTE------C&out_Domain=10YFR-RTE------C&securityToken=6a20f3fc-7226-4f1b-8715-968f741b036c&periodStart=202605301600&periodEnd=202609021600,{},resolved_after_backfill
2026-09-02T21:58:23+00:00,2026-09-02,FR,solar,data_or_features,400 Client Error: Bad Request for url: https://web-api.tp.entsoe.eu/api?documentType=A75&processType=A16&in_Domain=10YFR-RTE------C&psrType=B16&securityToken=6a20f3fc-7226-4f1b-8715-968f741b036c&periodStart=202605301600&periodEnd=202609021600,{},resolved_after_backfill
2026-09-02T21:58:43+00:00,2026-09-02,FR,wind_onshore,data_or_features,400 Client Error: Bad Request for url: https://web-api.tp.entsoe.eu/api?documentType=A75&processType=A16&in_Domain=10YFR-RTE------C&psrType=B19&securityToken=6a20f3fc-7226-4f1b-8715-968f741b036c&periodStart=202605301600&periodEnd=202609021600,{},resolved_after_backfill
2026-09-02T21:58:57+00:00,2026-09-02,FR,wind_offshore,data_or_features,400 Client Error: Bad Request for url: https://web-api.tp.entsoe.eu/api?documentType=A75&processType=A16&in_Domain=10YFR-RTE------C&psrType=B18&securityToken=6a20f3fc-7226-4f1b-8715-968f741b036c&periodStart=202605301600&periodEnd=202609021600,{},resolved_after_backfill
2026-09-02T21:59:04+00:00,2026-09-02,DE,load,data_or_features,Incomplete ENTSO-E TSO forecast horizon for DE load: 18/24 hourly rows.,{},resolved_after_backfill
2026-09-02T21:59:19+00:00,2026-09-02,DE,solar,data_or_features,400 Client Error: Bad Request for url: https://web-api.tp.entsoe.eu/api?documentType=A75&processType=A16&in_Domain=10Y1001A1001A83F&psrType=B16&securityToken=6a20f3fc-7226-4f1b-8715-968f741b036c&periodStart=202605301600&periodEnd=202609021600,{},resolved_after_backfill
2026-09-02T21:59:28+00:00,2026-09-02,DE,wind_onshore,data_or_features,400 Client Error: Bad Request for url: https://web-api.tp.entsoe.eu/api?documentType=A75&processType=A16&in_Domain=10Y1001A1001A83F&psrType=B19&securityToken=6a20f3fc-7226-4f1b-8715-968f741b036c&periodStart=202605301600&periodEnd=202609021600,{},resolved_after_backfill
2026-09-02T21:59:48+00:00,2026-09-02,DE,wind_offshore,data_or_features,400 Client Error: Bad Request for url: https://web-api.tp.entsoe.eu/api?documentType=A75&processType=A16&in_Domain=10Y1001A1001A83F&psrType=B18&securityToken=6a20f3fc-7226-4f1b-8715-968f741b036c&periodStart=202605301600&periodEnd=202609021600,{},resolved_after_backfill
2026-09-03T21:49:43+00:00,2026-09-03,BE,load,data_or_features,400 Client Error: Bad Request for url: https://web-api.tp.entsoe.eu/api?documentType=A65&processType=A16&outBiddingZone_Domain=10YBE----------2&out_Domain=10YBE----------2&securityToken=6a20f3fc-7226-4f1b-8715-968f741b036c&periodStart=202605311600&periodEnd=202609031600,{},resolved_after_backfill
2026-09-03T21:49:53+00:00,2026-09-03,BE,solar,data_or_features,400 Client Error: Bad Request for url: https://web-api.tp.entsoe.eu/api?documentType=A75&processType=A16&in_Domain=10YBE----------2&psrType=B16&securityToken=6a20f3fc-7226-4f1b-8715-968f741b036c&periodStart=202605311600&periodEnd=202609031600,{},resolved_after_backfill
2026-09-03T21:50:04+00:00,2026-09-03,BE,wind_onshore,data_or_features,400 Client Error: Bad Request for url: https://web-api.tp.entsoe.eu/api?documentType=A75&processType=A16&in_Domain=10YBE----------2&psrType=B19&securityToken=6a20f3fc-7226-4f1b-8715-968f741b036c&periodStart=202605311600&periodEnd=202609031600,{},resolved_after_backfill
2026-09-03T21:50:32+00:00,2026-09-03,BE,wind_offshore,data_or_features,400 Client Error: Bad Request for url: https://web-api.tp.entsoe.eu/api?documentType=A75&processType=A16&in_Domain=10YBE----------2&psrType=B18&securityToken=6a20f3fc-7226-4f1b-8715-968f741b036c&periodStart=202605311600&periodEnd=202609031600,{},resolved_after_backfill
2026-09-03T21:50:47+00:00,2026-09-03,FR,load,data_or_features,400 Client Error: Bad Request for url: https://web-api.tp.entsoe.eu/api?documentType=A65&processType=A16&outBiddingZone_Domain=10YFR-RTE------C&out_Domain=10YFR-RTE------C&securityToken=6a20f3fc-7226-4f1b-8715-968f741b036c&periodStart=202605311600&periodEnd=202609031600,{},resolved_after_backfill
2026-09-03T21:51:03+00:00,2026-09-03,FR,solar,data_or_features,400 Client Error: Bad Request for url: https://web-api.tp.entsoe.eu/api?documentType=A75&processType=A16&in_Domain=10YFR-RTE------C&psrType=B16&securityToken=6a20f3fc-7226-4f1b-8715-968f741b036c&periodStart=202605311600&periodEnd=202609031600,{},resolved_after_backfill
2026-09-03T21:51:23+00:00,2026-09-03,FR,wind_onshore,data_or_features,400 Client Error: Bad Request for url: https://web-api.tp.entsoe.eu/api?documentType=A75&processType=A16&in_Domain=10YFR-RTE------C&psrType=B19&securityToken=6a20f3fc-7226-4f1b-8715-968f741b036c&periodStart=202605311600&periodEnd=202609031600,{},resolved_after_backfill
2026-09-03T21:51:36+00:00,2026-09-03,FR,wind_offshore,data_or_features,400 Client Error: Bad Request for url: https://web-api.tp.entsoe.eu/api?documentType=A75&processType=A16&in_Domain=10YFR-RTE------C&psrType=B18&securityToken=6a20f3fc-7226-4f1b-8715-968f741b036c&periodStart=202605311600&periodEnd=202609031600,{},resolved_after_backfill
2026-09-03T21:51:50+00:00,2026-09-03,DE,load,data_or_features,400 Client Error: Bad Request for url: https://web-api.tp.entsoe.eu/api?documentType=A65&processType=A16&outBiddingZone_Domain=10Y1001A1001A83F&out_Domain=10Y1001A1001A83F&securityToken=6a20f3fc-7226-4f1b-8715-968f741b036c&periodStart=202605311600&periodEnd=202609031600,{},resolved_after_backfill
2026-09-03T21:52:00+00:00,2026-09-03,DE,solar,data_or_features,400 Client Error: Bad Request for url: https://web-api.tp.entsoe.eu/api?documentType=A75&processType=A16&in_Domain=10Y1001A1001A83F&psrType=B16&securityToken=6a20f3fc-7226-4f1b-8715-968f741b036c&periodStart=202605311600&periodEnd=202609031600,{},resolved_after_backfill
2026-09-03T21:52:10+00:00,2026-09-03,DE,wind_onshore,data_or_features,400 Client Error: Bad Request for url: https://web-api.tp.entsoe.eu/api?documentType=A75&processType=A16&in_Domain=10Y1001A1001A83F&psrType=B19&securityToken=6a20f3fc-7226-4f1b-8715-968f741b036c&periodStart=202605311600&periodEnd=202609031600,{},resolved_after_backfill
2026-09-03T21:52:16+00:00,2026-09-03,DE,wind_offshore,data_or_features,400 Client Error: Bad Request for url: https://web-api.tp.entsoe.eu/api?documentType=A75&processType=A16&in_Domain=10Y1001A1001A83F&psrType=B18&securityToken=6a20f3fc-7226-4f1b-8715-968f741b036c&periodStart=202605311600&periodEnd=202609031600,{},resolved_after_backfill
2026-09-04T21:42:21+00:00,2026-09-04,BE,wind_offshore,data_or_features,"Can only union MultiIndex with MultiIndex or Index of tuples, try mi.to_flat_index().union(other) instead.",{},resolved_after_backfill
2026-09-04T21:45:05+00:00,2026-09-04,FR,wind_offshore,data_or_features,"Can only union MultiIndex with MultiIndex or Index of tuples, try mi.to_flat_index().union(other) instead.",{},resolved_after_backfill
2026-09-05T21:31:29+00:00,2026-09-05,BE,wind_offshore,data_or_features,"Can only union MultiIndex with MultiIndex or Index of tuples, try mi.to_flat_index().union(other) instead.",{},resolved_after_backfill
2026-09-05T21:34:40+00:00,2026-09-05,FR,wind_offshore,data_or_features,"Can only union MultiIndex with MultiIndex or Index of tuples, try mi.to_flat_index().union(other) instead.",{},resolved_after_backfill
2026-10-07T10:30:19+00:00,2026-10-05,BE,load,context_imputation,Recovered 1 missing context hour(s) using linear_interpolation.,"{'records': [{'timestamp_utc': '2026-08-07T15:00:00+00:00', 'method': 'linear_interpolation', 'imputed_actual_mw': 9010.067500000001}]}",recovered
2026-10-07T10:30:33+00:00,2026-10-05,BE,solar,context_imputation,Recovered 3 missing context hour(s) using bias_adjusted_tso+linear_interpolation.,"{'records': [{'timestamp_utc': '2026-08-07T14:00:00+00:00', 'method': 'bias_adjusted_tso', 'imputed_actual_mw': 4007.839164}, {'timestamp_utc': '2026-08-07T15:00:00+00:00', 'method': 'bias_adjusted_tso', 'imputed_actual_mw': 3276.946083}, {'timestamp_utc': '2026-08-26T16:00:00+00:00', 'method': 'linear_interpolation', 'imputed_actual_mw': 1909.560875}]}",recovered
2026-10-07T10:30:38+00:00,2026-10-05,BE,wind_onshore,context_imputation,Recovered 3 missing context hour(s) using bias_adjusted_tso+linear_interpolation.,"{'records': [{'timestamp_utc': '2026-08-07T14:00:00+00:00', 'method': 'bias_adjusted_tso', 'imputed_actual_mw': 72.31388983333335}, {'timestamp_utc': '2026-08-07T15:00:00+00:00', 'method': 'bias_adjusted_tso', 'imputed_actual_mw': 88.64722316666668}, {'timestamp_utc': '2026-08-26T16:00:00+00:00', 'method': 'linear_interpolation', 'imputed_actual_mw': 132.793038}]}",recovered
2026-10-07T10:30:45+00:00,2026-10-05,BE,wind_offshore,context_imputation,Recovered 3 missing context hour(s) using bias_adjusted_tso+linear_interpolation.,"{'records': [{'timestamp_utc': '2026-08-07T14:00:00+00:00', 'method': 'bias_adjusted_tso', 'imputed_actual_mw': 10.562458333333336}, {'timestamp_utc': '2026-08-07T15:00:00+00:00', 'method': 'bias_adjusted_tso', 'imputed_actual_mw': 13.145791666666668}, {'timestamp_utc': '2026-08-26T16:00:00+00:00', 'method': 'linear_interpolation', 'imputed_actual_mw': 190.98875}]}",recovered
2026-10-07T10:30:51+00:00,2026-10-05,FR,load,context_imputation,Recovered 1 missing context hour(s) using linear_interpolation.,"{'records': [{'timestamp_utc': '2026-08-07T15:00:00+00:00', 'method': 'linear_interpolation', 'imputed_actual_mw': 46151.28}]}",recovered
2026-10-07T10:30:57+00:00,2026-10-05,FR,solar,data_or_features,context has 25 missing actual hours; maximum automatic imputation is 6,{},open
2026-10-07T10:31:01+00:00,2026-10-05,FR,wind_onshore,data_or_features,context has 25 missing actual hours; maximum automatic imputation is 6,{},open
2026-10-07T10:31:04+00:00,2026-10-05,FR,wind_offshore,data_or_features,context has 25 missing actual hours; maximum automatic imputation is 6,{},open
2026-10-07T10:31:08+00:00,2026-10-05,DE,load,context_imputation,Recovered 1 missing context hour(s) using linear_interpolation.,"{'records': [{'timestamp_utc': '2026-08-07T15:00:00+00:00', 'method': 'linear_interpolation', 'imputed_actual_mw': 52481.282562333334}]}",recovered
2026-10-07T10:31:12+00:00,2026-10-05,DE,solar,context_imputation,Recovered 1 missing context hour(s) using linear_interpolation.,"{'records': [{'timestamp_utc': '2026-08-07T15:00:00+00:00', 'method': 'linear_interpolation', 'imputed_actual_mw': 24615.81725}]}",recovered
2026-10-07T10:31:18+00:00,2026-10-05,DE,wind_onshore,context_imputation,Recovered 1 missing context hour(s) using linear_interpolation.,"{'records': [{'timestamp_utc': '2026-08-07T15:00:00+00:00', 'method': 'linear_interpolation', 'imputed_actual_mw': 5038.493624999999}]}",recovered
2026-10-07T10:31:25+00:00,2026-10-05,DE,wind_offshore,context_imputation,Recovered 1 missing context hour(s) using linear_interpolation.,"{'records': [{'timestamp_utc': '2026-08-07T15:00:00+00:00', 'method': 'linear_interpolation', 'imputed_actual_mw': 1349.1638750000002}]}",recovered
2026-10-07T10:31:31+00:00,2026-10-05,DK1,load,context_imputation,Recovered 4 missing context hour(s) using bias_adjusted_tso+forward_fill+linear_interpolation.,"{'records': [{'timestamp_utc': '2026-09-30T22:00:00+00:00', 'method': 'linear_interpolation', 'imputed_actual_mw': 2554.19625}, {'timestamp_utc': '2026-10-05T11:00:00+00:00', 'method': 'bias_adjusted_tso', 'imputed_actual_mw': 3371.5491666666667}, {'timestamp_utc': '2026-10-05T12:00:00+00:00', 'method': 'bias_adjusted_tso', 'imputed_actual_mw': 3438.2158333333336}, {'timestamp_utc': '2026-10-05T15:00:00+00:00', 'method': 'forward_fill', 'imputed_actual_mw': 3301.22}]}",recovered
2026-10-07T10:31:36+00:00,2026-10-05,DK1,solar,data_or_features,context has 39 missing actual hours; maximum automatic imputation is 6,{},open
2026-10-07T10:31:53+00:00,2026-10-05,DK2,load,context_imputation,Recovered 4 missing context hour(s) using bias_adjusted_tso+forward_fill+linear_interpolation.,"{'records': [{'timestamp_utc': '2026-09-30T22:00:00+00:00', 'method': 'linear_interpolation', 'imputed_actual_mw': 1476.4975}, {'timestamp_utc': '2026-10-05T11:00:00+00:00', 'method': 'bias_adjusted_tso', 'imputed_actual_mw': 2109.4837500000003}, {'timestamp_utc': '2026-10-05T12:00:00+00:00', 'method': 'bias_adjusted_tso', 'imputed_actual_mw': 2112.4837500000003}, {'timestamp_utc': '2026-10-05T15:00:00+00:00', 'method': 'forward_fill', 'imputed_actual_mw': 1972.7575}]}",recovered
2026-10-07T10:31:58+00:00,2026-10-05,DK2,solar,data_or_features,context has 30 missing actual hours; maximum automatic imputation is 6,{},open
2026-10-07T10:32:08+00:00,2026-10-05,DK2,wind_offshore,context_imputation,Recovered 6 missing context hour(s) using bias_adjusted_tso+linear_interpolation.,"{'records': [{'timestamp_utc': '2026-07-11T09:00:00+00:00', 'method': 'bias_adjusted_tso', 'imputed_actual_mw': 20.69809720833333}, {'timestamp_utc': '2026-07-11T10:00:00+00:00', 'method': 'bias_adjusted_tso', 'imputed_actual_mw': 19.628652791666664}, {'timestamp_utc': '2026-07-14T08:00:00+00:00', 'method': 'bias_adjusted_tso', 'imputed_actual_mw': 25.611291749999996}, {'timestamp_utc': '2026-07-14T09:00:00+00:00', 'method': 'bias_adjusted_tso', 'imputed_actual_mw': 25.996708374999997}, {'timestamp_utc': '2026-07-14T10:00:00+00:00', 'method': 'bias_adjusted_tso', 'imputed_actual_mw': 26.382125}, {'timestamp_utc': '2026-07-14T15:00:00+00:00', 'method': 'linear_interpolation', 'imputed_actual_mw': 3.072940833333333}]}",recovered
2026-10-07T10:32:58+00:00,2026-10-05,BE,load,context_imputation,Recovered 1 missing context hour(s) using linear_interpolation.,"{'records': [{'timestamp_utc': '2026-08-07T15:00:00+00:00', 'method': 'linear_interpolation', 'imputed_actual_mw': 9010.067500000001}]}",recovered
2026-10-07T10:33:03+00:00,2026-10-05,BE,solar,context_imputation,Recovered 3 missing context hour(s) using bias_adjusted_tso+linear_interpolation.,"{'records': [{'timestamp_utc': '2026-08-07T14:00:00+00:00', 'method': 'bias_adjusted_tso', 'imputed_actual_mw': 4007.839164}, {'timestamp_utc': '2026-08-07T15:00:00+00:00', 'method': 'bias_adjusted_tso', 'imputed_actual_mw': 3276.946083}, {'timestamp_utc': '2026-08-26T16:00:00+00:00', 'method': 'linear_interpolation', 'imputed_actual_mw': 1909.560875}]}",recovered
2026-10-07T10:33:07+00:00,2026-10-05,BE,wind_onshore,context_imputation,Recovered 3 missing context hour(s) using bias_adjusted_tso+linear_interpolation.,"{'records': [{'timestamp_utc': '2026-08-07T14:00:00+00:00', 'method': 'bias_adjusted_tso', 'imputed_actual_mw': 72.31388983333335}, {'timestamp_utc': '2026-08-07T15:00:00+00:00', 'method': 'bias_adjusted_tso', 'imputed_actual_mw': 88.64722316666668}, {'timestamp_utc': '2026-08-26T16:00:00+00:00', 'method': 'linear_interpolation', 'imputed_actual_mw': 132.793038}]}",recovered
2026-10-07T10:33:12+00:00,2026-10-05,BE,wind_offshore,context_imputation,Recovered 3 missing context hour(s) using bias_adjusted_tso+linear_interpolation.,"{'records': [{'timestamp_utc': '2026-08-07T14:00:00+00:00', 'method': 'bias_adjusted_tso', 'imputed_actual_mw': 10.562458333333336}, {'timestamp_utc': '2026-08-07T15:00:00+00:00', 'method': 'bias_adjusted_tso', 'imputed_actual_mw': 13.145791666666668}, {'timestamp_utc': '2026-08-26T16:00:00+00:00', 'method': 'linear_interpolation', 'imputed_actual_mw': 190.98875}]}",recovered
2026-10-07T10:33:18+00:00,2026-10-05,FR,load,context_imputation,Recovered 1 missing context hour(s) using linear_interpolation.,"{'records': [{'timestamp_utc': '2026-08-07T15:00:00+00:00', 'method': 'linear_interpolation', 'imputed_actual_mw': 46151.28}]}",recovered
2026-10-07T10:33:21+00:00,2026-10-05,FR,solar,data_or_features,context has 25 missing actual hours; maximum automatic imputation is 6,{},open
2026-10-07T10:33:22+00:00,2026-10-05,FR,wind_onshore,data_or_features,context has 25 missing actual hours; maximum automatic imputation is 6,{},open
2026-10-07T10:33:23+00:00,2026-10-05,FR,wind_offshore,data_or_features,context has 25 missing actual hours; maximum automatic imputation is 6,{},open
2026-10-07T10:33:24+00:00,2026-10-05,DE,load,context_imputation,Recovered 1 missing context hour(s) using linear_interpolation.,"{'records': [{'timestamp_utc': '2026-08-07T15:00:00+00:00', 'method': 'linear_interpolation', 'imputed_actual_mw': 52481.282562333334}]}",recovered
2026-10-07T10:33:27+00:00,2026-10-05,DE,solar,context_imputation,Recovered 1 missing context hour(s) using linear_interpolation.,"{'records': [{'timestamp_utc': '2026-08-07T15:00:00+00:00', 'method': 'linear_interpolation', 'imputed_actual_mw': 24615.81725}]}",recovered
2026-10-07T10:33:31+00:00,2026-10-05,DE,wind_onshore,context_imputation,Recovered 1 missing context hour(s) using linear_interpolation.,"{'records': [{'timestamp_utc': '2026-08-07T15:00:00+00:00', 'method': 'linear_interpolation', 'imputed_actual_mw': 5038.493624999999}]}",recovered
2026-10-07T10:33:36+00:00,2026-10-05,DE,wind_offshore,context_imputation,Recovered 1 missing context hour(s) using linear_interpolation.,"{'records': [{'timestamp_utc': '2026-08-07T15:00:00+00:00', 'method': 'linear_interpolation', 'imputed_actual_mw': 1349.1638750000002}]}",recovered
2026-10-07T10:33:41+00:00,2026-10-05,DK1,load,context_imputation,Recovered 4 missing context hour(s) using bias_adjusted_tso+forward_fill+linear_interpolation.,"{'records': [{'timestamp_utc': '2026-09-30T22:00:00+00:00', 'method': 'linear_interpolation', 'imputed_actual_mw': 2554.19625}, {'timestamp_utc': '2026-10-05T11:00:00+00:00', 'method': 'bias_adjusted_tso', 'imputed_actual_mw': 3371.5491666666667}, {'timestamp_utc': '2026-10-05T12:00:00+00:00', 'method': 'bias_adjusted_tso', 'imputed_actual_mw': 3438.2158333333336}, {'timestamp_utc': '2026-10-05T15:00:00+00:00', 'method': 'forward_fill', 'imputed_actual_mw': 3301.22}]}",recovered
2026-10-07T10:33:44+00:00,2026-10-05,DK1,solar,data_or_features,context has 39 missing actual hours; maximum automatic imputation is 6,{},open
2026-10-07T10:33:56+00:00,2026-10-05,DK2,load,context_imputation,Recovered 4 missing context hour(s) using bias_adjusted_tso+forward_fill+linear_interpolation.,"{'records': [{'timestamp_utc': '2026-09-30T22:00:00+00:00', 'method': 'linear_interpolation', 'imputed_actual_mw': 1476.4975}, {'timestamp_utc': '2026-10-05T11:00:00+00:00', 'method': 'bias_adjusted_tso', 'imputed_actual_mw': 2109.4837500000003}, {'timestamp_utc': '2026-10-05T12:00:00+00:00', 'method': 'bias_adjusted_tso', 'imputed_actual_mw': 2112.4837500000003}, {'timestamp_utc': '2026-10-05T15:00:00+00:00', 'method': 'forward_fill', 'imputed_actual_mw': 1972.7575}]}",recovered
2026-10-07T10:33:58+00:00,2026-10-05,DK2,solar,data_or_features,context has 30 missing actual hours; maximum automatic imputation is 6,{},open
2026-10-07T10:34:04+00:00,2026-10-05,DK2,wind_offshore,context_imputation,Recovered 6 missing context hour(s) using bias_adjusted_tso+linear_interpolation.,"{'records': [{'timestamp_utc': '2026-07-11T09:00:00+00:00', 'method': 'bias_adjusted_tso', 'imputed_actual_mw': 20.69809720833333}, {'timestamp_utc': '2026-07-11T10:00:00+00:00', 'method': 'bias_adjusted_tso', 'imputed_actual_mw': 19.628652791666664}, {'timestamp_utc': '2026-07-14T08:00:00+00:00', 'method': 'bias_adjusted_tso', 'imputed_actual_mw': 25.611291749999996}, {'timestamp_utc': '2026-07-14T09:00:00+00:00', 'method': 'bias_adjusted_tso', 'imputed_actual_mw': 25.996708374999997}, {'timestamp_utc': '2026-07-14T10:00:00+00:00', 'method': 'bias_adjusted_tso', 'imputed_actual_mw': 26.382125}, {'timestamp_utc': '2026-07-14T15:00:00+00:00', 'method': 'linear_interpolation', 'imputed_actual_mw': 3.072940833333333}]}",recovered
2026-10-09T21:38:26+00:00,2026-10-07,BE,load,context_imputation,Recovered 1 missing context hour(s) using linear_interpolation.,"{'records': [{'timestamp_utc': '2026-08-07T15:00:00+00:00', 'method': 'linear_interpolation', 'imputed_actual_mw': 9010.067500000001}]}",recovered
2026-10-09T21:38:31+00:00,2026-10-07,BE,solar,context_imputation,Recovered 3 missing context hour(s) using bias_adjusted_tso+linear_interpolation.,"{'records': [{'timestamp_utc': '2026-08-07T14:00:00+00:00', 'method': 'bias_adjusted_tso', 'imputed_actual_mw': 4007.839164}, {'timestamp_utc': '2026-08-07T15:00:00+00:00', 'method': 'bias_adjusted_tso', 'imputed_actual_mw': 3276.946083}, {'timestamp_utc': '2026-08-26T16:00:00+00:00', 'method': 'linear_interpolation', 'imputed_actual_mw': 1909.560875}]}",recovered
2026-10-09T21:38:34+00:00,2026-10-07,BE,wind_onshore,context_imputation,Recovered 3 missing context hour(s) using bias_adjusted_tso+linear_interpolation.,"{'records': [{'timestamp_utc': '2026-08-07T14:00:00+00:00', 'method': 'bias_adjusted_tso', 'imputed_actual_mw': 72.10942283333334}, {'timestamp_utc': '2026-08-07T15:00:00+00:00', 'method': 'bias_adjusted_tso', 'imputed_actual_mw': 88.44275616666667}, {'timestamp_utc': '2026-08-26T16:00:00+00:00', 'method': 'linear_interpolation', 'imputed_actual_mw': 132.793038}]}",recovered
2026-10-09T21:38:38+00:00,2026-10-07,BE,wind_offshore,context_imputation,Recovered 3 missing context hour(s) using bias_adjusted_tso+linear_interpolation.,"{'records': [{'timestamp_utc': '2026-08-07T14:00:00+00:00', 'method': 'bias_adjusted_tso', 'imputed_actual_mw': 16.27208333333333}, {'timestamp_utc': '2026-08-07T15:00:00+00:00', 'method': 'bias_adjusted_tso', 'imputed_actual_mw': 18.855416666666663}, {'timestamp_utc': '2026-08-26T16:00:00+00:00', 'method': 'linear_interpolation', 'imputed_actual_mw': 190.98875}]}",recovered
2026-10-09T21:38:43+00:00,2026-10-07,FR,load,context_imputation,Recovered 1 missing context hour(s) using linear_interpolation.,"{'records': [{'timestamp_utc': '2026-08-07T15:00:00+00:00', 'method': 'linear_interpolation', 'imputed_actual_mw': 46151.28}]}",recovered
2026-10-09T21:38:45+00:00,2026-10-07,FR,solar,data_or_features,context has 25 missing actual hours; maximum automatic imputation is 6,{},open
2026-10-09T21:38:45+00:00,2026-10-07,FR,wind_onshore,data_or_features,context has 25 missing actual hours; maximum automatic imputation is 6,{},open
2026-10-09T21:38:46+00:00,2026-10-07,FR,wind_offshore,data_or_features,context has 25 missing actual hours; maximum automatic imputation is 6,{},open
2026-10-09T21:38:46+00:00,2026-10-07,DE,load,context_imputation,Recovered 1 missing context hour(s) using linear_interpolation.,"{'records': [{'timestamp_utc': '2026-08-07T15:00:00+00:00', 'method': 'linear_interpolation', 'imputed_actual_mw': 52481.282562333334}]}",recovered
2026-10-09T21:38:48+00:00,2026-10-07,DE,solar,context_imputation,Recovered 1 missing context hour(s) using linear_interpolation.,"{'records': [{'timestamp_utc': '2026-08-07T15:00:00+00:00', 'method': 'linear_interpolation', 'imputed_actual_mw': 24615.81725}]}",recovered
2026-10-09T21:38:52+00:00,2026-10-07,DE,wind_onshore,context_imputation,Recovered 1 missing context hour(s) using linear_interpolation.,"{'records': [{'timestamp_utc': '2026-08-07T15:00:00+00:00', 'method': 'linear_interpolation', 'imputed_actual_mw': 5038.493624999999}]}",recovered
2026-10-09T21:38:56+00:00,2026-10-07,DE,wind_offshore,context_imputation,Recovered 1 missing context hour(s) using linear_interpolation.,"{'records': [{'timestamp_utc': '2026-08-07T15:00:00+00:00', 'method': 'linear_interpolation', 'imputed_actual_mw': 1349.1638750000002}]}",recovered
2026-10-09T21:39:00+00:00,2026-10-07,DK1,load,data_or_features,context has 19 missing actual hours; maximum automatic imputation is 6,{},open
2026-10-09T21:39:00+00:00,2026-10-07,DK1,solar,data_or_features,context has 39 missing actual hours; maximum automatic imputation is 6,{},open
2026-10-09T21:39:09+00:00,2026-10-07,DK2,load,data_or_features,context has 19 missing actual hours; maximum automatic imputation is 6,{},open
2026-10-09T21:39:10+00:00,2026-10-07,DK2,solar,data_or_features,context has 30 missing actual hours; maximum automatic imputation is 6,{},open
2026-10-09T21:39:14+00:00,2026-10-07,DK2,wind_offshore,context_imputation,Recovered 6 missing context hour(s) using bias_adjusted_tso+linear_interpolation.,"{'records': [{'timestamp_utc': '2026-07-11T09:00:00+00:00', 'method': 'bias_adjusted_tso', 'imputed_actual_mw': 15.378093333333332}, {'timestamp_utc': '2026-07-11T10:00:00+00:00', 'method': 'bias_adjusted_tso', 'imputed_actual_mw': 14.308648916666666}, {'timestamp_utc': '2026-07-14T08:00:00+00:00', 'method': 'bias_adjusted_tso', 'imputed_actual_mw': 20.291287875}, {'timestamp_utc': '2026-07-14T09:00:00+00:00', 'method': 'bias_adjusted_tso', 'imputed_actual_mw': 20.6767045}, {'timestamp_utc': '2026-07-14T10:00:00+00:00', 'method': 'bias_adjusted_tso', 'imputed_actual_mw': 21.062121125}, {'timestamp_utc': '2026-07-14T15:00:00+00:00', 'method': 'linear_interpolation', 'imputed_actual_mw': 3.072940833333333}]}",recovered
2026-10-09T21:39:41+00:00,2026-10-08,BE,load,context_imputation,Recovered 1 missing context hour(s) using linear_interpolation.,"{'records': [{'timestamp_utc': '2026-08-07T15:00:00+00:00', 'method': 'linear_interpolation', 'imputed_actual_mw': 9010.067500000001}]}",recovered
2026-10-09T21:39:43+00:00,2026-10-08,BE,solar,context_imputation,Recovered 3 missing context hour(s) using bias_adjusted_tso+linear_interpolation.,"{'records': [{'timestamp_utc': '2026-08-07T14:00:00+00:00', 'method': 'bias_adjusted_tso', 'imputed_actual_mw': 4007.839164}, {'timestamp_utc': '2026-08-07T15:00:00+00:00', 'method': 'bias_adjusted_tso', 'imputed_actual_mw': 3276.946083}, {'timestamp_utc': '2026-08-26T16:00:00+00:00', 'method': 'linear_interpolation', 'imputed_actual_mw': 1909.560875}]}",recovered
2026-10-09T21:39:47+00:00,2026-10-08,BE,wind_onshore,context_imputation,Recovered 3 missing context hour(s) using bias_adjusted_tso+linear_interpolation.,"{'records': [{'timestamp_utc': '2026-08-07T14:00:00+00:00', 'method': 'bias_adjusted_tso', 'imputed_actual_mw': 68.95179583333335}, {'timestamp_utc': '2026-08-07T15:00:00+00:00', 'method': 'bias_adjusted_tso', 'imputed_actual_mw': 85.28512916666668}, {'timestamp_utc': '2026-08-26T16:00:00+00:00', 'method': 'linear_interpolation', 'imputed_actual_mw': 132.793038}]}",recovered
2026-10-09T21:39:51+00:00,2026-10-08,BE,wind_offshore,context_imputation,Recovered 3 missing context hour(s) using bias_adjusted_tso+linear_interpolation.,"{'records': [{'timestamp_utc': '2026-08-07T14:00:00+00:00', 'method': 'bias_adjusted_tso', 'imputed_actual_mw': 15.52708333333333}, {'timestamp_utc': '2026-08-07T15:00:00+00:00', 'method': 'bias_adjusted_tso', 'imputed_actual_mw': 18.110416666666662}, {'timestamp_utc': '2026-08-26T16:00:00+00:00', 'method': 'linear_interpolation', 'imputed_actual_mw': 190.98875}]}",recovered
2026-10-09T21:39:55+00:00,2026-10-08,FR,load,context_imputation,Recovered 1 missing context hour(s) using linear_interpolation.,"{'records': [{'timestamp_utc': '2026-08-07T15:00:00+00:00', 'method': 'linear_interpolation', 'imputed_actual_mw': 46151.28}]}",recovered
2026-10-09T21:39:57+00:00,2026-10-08,FR,solar,data_or_features,context has 25 missing actual hours; maximum automatic imputation is 6,{},open
2026-10-09T21:39:58+00:00,2026-10-08,FR,wind_onshore,data_or_features,context has 25 missing actual hours; maximum automatic imputation is 6,{},open
2026-10-09T21:39:58+00:00,2026-10-08,FR,wind_offshore,data_or_features,context has 25 missing actual hours; maximum automatic imputation is 6,{},open
2026-10-09T21:39:58+00:00,2026-10-08,DE,load,context_imputation,Recovered 1 missing context hour(s) using linear_interpolation.,"{'records': [{'timestamp_utc': '2026-08-07T15:00:00+00:00', 'method': 'linear_interpolation', 'imputed_actual_mw': 52481.282562333334}]}",recovered
2026-10-09T21:40:01+00:00,2026-10-08,DE,solar,context_imputation,Recovered 1 missing context hour(s) using linear_interpolation.,"{'records': [{'timestamp_utc': '2026-08-07T15:00:00+00:00', 'method': 'linear_interpolation', 'imputed_actual_mw': 24615.81725}]}",recovered
2026-10-09T21:40:04+00:00,2026-10-08,DE,wind_onshore,context_imputation,Recovered 1 missing context hour(s) using linear_interpolation.,"{'records': [{'timestamp_utc': '2026-08-07T15:00:00+00:00', 'method': 'linear_interpolation', 'imputed_actual_mw': 5038.493624999999}]}",recovered
2026-10-09T21:40:08+00:00,2026-10-08,DE,wind_offshore,context_imputation,Recovered 1 missing context hour(s) using linear_interpolation.,"{'records': [{'timestamp_utc': '2026-08-07T15:00:00+00:00', 'method': 'linear_interpolation', 'imputed_actual_mw': 1349.1638750000002}]}",recovered
2026-10-09T21:40:12+00:00,2026-10-08,DK1,load,data_or_features,context has 25 missing actual hours; maximum automatic imputation is 6,{},open
2026-10-09T21:40:13+00:00,2026-10-08,DK1,solar,data_or_features,context has 39 missing actual hours; maximum automatic imputation is 6,{},open
2026-10-09T21:40:21+00:00,2026-10-08,DK2,load,data_or_features,context has 25 missing actual hours; maximum automatic imputation is 6,{},open
2026-10-09T21:40:22+00:00,2026-10-08,DK2,solar,data_or_features,context has 30 missing actual hours; maximum automatic imputation is 6,{},open
2026-10-09T21:40:26+00:00,2026-10-08,DK2,wind_offshore,context_imputation,Recovered 6 missing context hour(s) using bias_adjusted_tso+linear_interpolation.,"{'records': [{'timestamp_utc': '2026-07-11T09:00:00+00:00', 'method': 'bias_adjusted_tso', 'imputed_actual_mw': 0.5437972083333271}, {'timestamp_utc': '2026-07-11T10:00:00+00:00', 'method': 'bias_adjusted_tso', 'imputed_actual_mw': 0.0}, {'timestamp_utc': '2026-07-14T08:00:00+00:00', 'method': 'bias_adjusted_tso', 'imputed_actual_mw': 5.456991749999993}, {'timestamp_utc': '2026-07-14T09:00:00+00:00', 'method': 'bias_adjusted_tso', 'imputed_actual_mw': 5.842408374999994}, {'timestamp_utc': '2026-07-14T10:00:00+00:00', 'method': 'bias_adjusted_tso', 'imputed_actual_mw': 6.227824999999996}, {'timestamp_utc': '2026-07-14T15:00:00+00:00', 'method': 'linear_interpolation', 'imputed_actual_mw': 3.072940833333333}]}",recovered
2026-10-09T21:40:53+00:00,2026-10-09,BE,load,context_imputation,Recovered 1 missing context hour(s) using linear_interpolation.,"{'records': [{'timestamp_utc': '2026-08-07T15:00:00+00:00', 'method': 'linear_interpolation', 'imputed_actual_mw': 9010.067500000001}]}",recovered
2026-10-09T21:40:55+00:00,2026-10-09,BE,solar,context_imputation,Recovered 3 missing context hour(s) using bias_adjusted_tso+linear_interpolation.,"{'records': [{'timestamp_utc': '2026-08-07T14:00:00+00:00', 'method': 'bias_adjusted_tso', 'imputed_actual_mw': 4007.839164}, {'timestamp_utc': '2026-08-07T15:00:00+00:00', 'method': 'bias_adjusted_tso', 'imputed_actual_mw': 3276.946083}, {'timestamp_utc': '2026-08-26T16:00:00+00:00', 'method': 'linear_interpolation', 'imputed_actual_mw': 1909.560875}]}",recovered
2026-10-09T21:40:59+00:00,2026-10-09,BE,wind_onshore,context_imputation,Recovered 3 missing context hour(s) using bias_adjusted_tso+linear_interpolation.,"{'records': [{'timestamp_utc': '2026-08-07T14:00:00+00:00', 'method': 'bias_adjusted_tso', 'imputed_actual_mw': 72.13994683333334}, {'timestamp_utc': '2026-08-07T15:00:00+00:00', 'method': 'bias_adjusted_tso', 'imputed_actual_mw': 88.47328016666667}, {'timestamp_utc': '2026-08-26T16:00:00+00:00', 'method': 'linear_interpolation', 'imputed_actual_mw': 132.793038}]}",recovered
2026-10-09T21:41:03+00:00,2026-10-09,BE,wind_offshore,context_imputation,Recovered 3 missing context hour(s) using bias_adjusted_tso+linear_interpolation.,"{'records': [{'timestamp_utc': '2026-08-07T14:00:00+00:00', 'method': 'bias_adjusted_tso', 'imputed_actual_mw': 14.610833333333336}, {'timestamp_utc': '2026-08-07T15:00:00+00:00', 'method': 'bias_adjusted_tso', 'imputed_actual_mw': 17.194166666666668}, {'timestamp_utc': '2026-08-26T16:00:00+00:00', 'method': 'linear_interpolation', 'imputed_actual_mw': 190.98875}]}",recovered
2026-10-09T21:41:07+00:00,2026-10-09,FR,load,context_imputation,Recovered 1 missing context hour(s) using linear_interpolation.,"{'records': [{'timestamp_utc': '2026-08-07T15:00:00+00:00', 'method': 'linear_interpolation', 'imputed_actual_mw': 46151.28}]}",recovered
2026-10-09T21:41:09+00:00,2026-10-09,FR,solar,data_or_features,context has 25 missing actual hours; maximum automatic imputation is 6,{},open
2026-10-09T21:41:10+00:00,2026-10-09,FR,wind_onshore,data_or_features,context has 25 missing actual hours; maximum automatic imputation is 6,{},open
2026-10-09T21:41:10+00:00,2026-10-09,FR,wind_offshore,data_or_features,context has 25 missing actual hours; maximum automatic imputation is 6,{},open
2026-10-09T21:41:10+00:00,2026-10-09,DE,load,context_imputation,Recovered 1 missing context hour(s) using linear_interpolation.,"{'records': [{'timestamp_utc': '2026-08-07T15:00:00+00:00', 'method': 'linear_interpolation', 'imputed_actual_mw': 52481.282562333334}]}",recovered
2026-10-09T21:41:13+00:00,2026-10-09,DE,solar,context_imputation,Recovered 1 missing context hour(s) using linear_interpolation.,"{'records': [{'timestamp_utc': '2026-08-07T15:00:00+00:00', 'method': 'linear_interpolation', 'imputed_actual_mw': 24615.81725}]}",recovered
2026-10-09T21:41:16+00:00,2026-10-09,DE,wind_onshore,context_imputation,Recovered 1 missing context hour(s) using linear_interpolation.,"{'records': [{'timestamp_utc': '2026-08-07T15:00:00+00:00', 'method': 'linear_interpolation', 'imputed_actual_mw': 5038.493624999999}]}",recovered
2026-10-09T21:41:20+00:00,2026-10-09,DE,wind_offshore,context_imputation,Recovered 1 missing context hour(s) using linear_interpolation.,"{'records': [{'timestamp_utc': '2026-08-07T15:00:00+00:00', 'method': 'linear_interpolation', 'imputed_actual_mw': 1349.1638750000002}]}",recovered
2026-10-09T21:41:24+00:00,2026-10-09,DK1,load,data_or_features,context has 30 missing actual hours; maximum automatic imputation is 6,{},open
2026-10-09T21:41:25+00:00,2026-10-09,DK1,solar,data_or_features,context has 39 missing actual hours; maximum automatic imputation is 6,{},open
2026-10-09T21:41:33+00:00,2026-10-09,DK2,load,data_or_features,context has 30 missing actual hours; maximum automatic imputation is 6,{},open
2026-10-09T21:41:34+00:00,2026-10-09,DK2,solar,data_or_features,context has 26 missing actual hours; maximum automatic imputation is 6,{},open
2026-10-09T21:41:38+00:00,2026-10-09,DK2,wind_offshore,context_imputation,Recovered 6 missing context hour(s) using bias_adjusted_tso+linear_interpolation.,"{'records': [{'timestamp_utc': '2026-07-11T09:00:00+00:00', 'method': 'bias_adjusted_tso', 'imputed_actual_mw': 14.681040083333333}, {'timestamp_utc': '2026-07-11T10:00:00+00:00', 'method': 'bias_adjusted_tso', 'imputed_actual_mw': 13.611595666666666}, {'timestamp_utc': '2026-07-14T08:00:00+00:00', 'method': 'bias_adjusted_tso', 'imputed_actual_mw': 19.594234625}, {'timestamp_utc': '2026-07-14T09:00:00+00:00', 'method': 'bias_adjusted_tso', 'imputed_actual_mw': 19.97965125}, {'timestamp_utc': '2026-07-14T10:00:00+00:00', 'method': 'bias_adjusted_tso', 'imputed_actual_mw': 20.365067875}, {'timestamp_utc': '2026-07-14T15:00:00+00:00', 'method': 'linear_interpolation', 'imputed_actual_mw': 3.072940833333333}]}",recovered
