zone,target,component_set,method,MAE_MW,best_individual,best_individual_MAE_MW,MAE_improvement_vs_best_pct,test_runs,test_start,test_end
DK1,load,Without TSO,Constrained learned,61.77180563625611,Chronos2,61.980906123071165,0.337362745875088,67,2025-01-23,2025-03-31
DK1,solar,Without TSO,Median,53.99295563414075,Chronos2,53.99709706834541,0.0076697349107733,69,2025-01-22,2025-03-31
DK1,wind_offshore,Without TSO,Median,120.09204824327968,TimesFM3,117.78182639701691,-1.9614416900579328,68,2025-01-22,2025-03-31
DK1,wind_onshore,Without TSO,Median,130.201365947383,Chronos2,122.61673937720958,-6.1856371395104635,66,2025-01-22,2025-03-31
DK2,load,Without TSO,Constrained learned,32.81267452350206,Chronos2,33.090352409704415,0.8391505861415973,67,2025-01-23,2025-03-31
DK2,solar,Without TSO,Median,15.429052717555605,TimesFM3,15.169133286038456,-1.7134758236739538,69,2025-01-22,2025-03-31
DK2,wind_offshore,Without TSO,Median,72.43846522354664,TimesFM3,70.26728368497362,-3.08988966800964,68,2025-01-22,2025-03-31
DK2,wind_onshore,Without TSO,Constrained learned,21.583927414264895,TimesFM3,20.70367422778197,-4.251676184615219,66,2025-01-22,2025-03-31
ES,load,Without TSO,Constrained learned,464.70930629641146,TimesFM3,472.4706217447917,1.6427085814814024,69,2025-01-22,2025-03-31
ES,solar,Without TSO,Constrained learned,385.17408510928055,TimesFM3,444.2873823377821,13.30519379538872,69,2025-01-22,2025-03-31
ES,wind_onshore,With TSO,Median,861.6035823454991,TimesFM3,838.1853660469625,-2.793918534867927,67,2025-01-22,2025-03-29
NL,load,Without TSO,Constrained learned,295.9752640397289,Chronos2,298.19369574652774,0.7439566088897245,69,2025-01-22,2025-03-31
NL,solar,With TSO,Constrained learned,10.658525963323983,Chronos2,10.282718848931705,-3.6547446245826714,69,2025-01-22,2025-03-31
NL,wind_offshore,Without TSO,Constrained learned,128.28180572089954,TimesFM3,126.7306760968975,-1.223957507191124,68,2025-01-22,2025-03-31
NL,wind_onshore,With TSO,Constrained learned,54.49096131598634,TimesFM3,50.727463154287896,-7.419054546945783,68,2025-01-22,2025-03-31
PT,load,Without TSO,Median,113.34852774939348,TimesFM3,112.71811906750077,-0.559278922597351,69,2025-01-22,2025-03-31
PT,solar,With TSO,Constrained learned,68.72846578476835,TSO,77.41080917874397,11.215931581244456,69,2025-01-22,2025-03-31
PT,wind_offshore,Without TSO,Median,2.6344392557475302,TimesFM3,2.5300962272812337,-4.124073517093871,68,2025-01-22,2025-03-31
PT,wind_onshore,With TSO,Constrained learned,199.92639019746852,TimesFM3,195.48730283251,-2.270780403964072,68,2025-01-22,2025-03-31
