zone,target,method,include_tso,MAE,RMSE,rMAE,n,weights
NL,load,simple_mean,False,359.2117962766656,492.3712975987927,0.6652033500117663,8754,
NL,load,median,False,359.2117962766656,492.3712975987927,0.6652033500117663,8754,
NL,load,constrained_learned,False,309.70552589788906,432.41109120834045,0.5735255787250284,8754,"chronos=0.6688,ml=0.3312"
NL,load,simple_mean,True,775.3133363829706,1008.6471286511461,1.4357574946495544,8754,
NL,load,median,True,399.0254063377673,582.2728820964993,0.7389318496412965,8754,
NL,load,constrained_learned,True,316.81603582060166,440.04306342652615,0.5866931168457346,8754,"chronos=0.6521,ml=0.3153,tso=0.0326"
DK1,load,simple_mean,False,85.52479520727202,121.96273832386113,0.45168499597216055,8754,
DK1,load,median,False,85.52479520727202,121.96273832386113,0.45168499597216055,8754,
DK1,load,constrained_learned,False,84.63083481833064,120.93448799257465,0.4469636927091751,8754,"chronos=0.5209,ml=0.4791"
DK1,load,simple_mean,True,91.53266476860323,128.8866190748317,0.48341456085488843,8754,
DK1,load,median,True,90.58032049615568,130.2203437620204,0.4783849128116271,8754,
DK1,load,constrained_learned,True,90.10038408472552,127.16536501129376,0.47585020839592695,8754,"chronos=0.3643,ml=0.3147,tso=0.3211"
DK2,load,simple_mean,False,44.20337892682581,59.88331130546992,0.503552418347801,8754,
DK2,load,median,False,44.20337892682581,59.88331130546992,0.503552418347801,8754,
DK2,load,constrained_learned,False,43.888830620673424,59.52177935096026,0.4999691728110188,8754,"chronos=0.5155,ml=0.4845"
DK2,load,simple_mean,True,55.614260581504816,76.12756737467413,0.6335419619572623,8754,
DK2,load,median,True,49.09107734205823,66.62688383606805,0.5592316993642881,8754,
DK2,load,constrained_learned,True,54.182846325112415,74.07865572878616,0.6172356946997952,8754,"chronos=0.3633,ml=0.3232,tso=0.3135"
ES,load,simple_mean,False,401.5062704926464,566.6572638847138,0.280433638668537,8754,
ES,load,median,False,401.5062704926464,566.6572638847138,0.280433638668537,8754,
ES,load,constrained_learned,False,401.70070636859515,566.8808675537427,0.28056944317319166,8754,"chronos=0.4961,ml=0.5039"
ES,load,simple_mean,True,393.086373682953,560.6214959630312,0.27455272852320173,8754,
ES,load,median,True,405.9410981526475,587.0379474686075,0.28353116154417224,8754,
ES,load,constrained_learned,True,393.0334788014649,560.6092920431499,0.2745157838845428,8754,"chronos=0.3334,ml=0.3377,tso=0.3289"
PT,load,simple_mean,False,119.03876172751768,256.86789853804254,0.3623642332626349,8754,
PT,load,median,False,119.03876172751768,256.86789853804254,0.3623642332626349,8754,
PT,load,constrained_learned,False,118.41282621119085,257.2639960274991,0.36045883169297804,8754,"chronos=0.5120,ml=0.4880"
PT,load,simple_mean,True,108.95753924627103,240.72990001635145,0.3316761246016178,8754,
PT,load,median,True,103.78908222291685,234.77541640175423,0.31594289670812176,8754,
PT,load,constrained_learned,True,108.20777435476154,240.86663724332297,0.32939377575913764,8754,"chronos=0.3523,ml=0.3190,tso=0.3287"
NL,solar,simple_mean,False,18.638714363131506,42.95324634196672,0.7010539300895338,8754,
NL,solar,median,False,18.638714363131506,42.95324634196672,0.7010539300895338,8754,
NL,solar,constrained_learned,False,18.62695412484888,42.95446892252833,0.7006115947918197,8754,"chronos=0.5087,ml=0.4913"
NL,solar,simple_mean,True,279.8418582137688,488.94078364532663,10.525631257721555,8754,
NL,solar,median,True,18.82651482460913,45.726663559208845,0.708117628208753,8754,
NL,solar,constrained_learned,True,18.42496093504285,43.30507309743442,0.6930140686531635,8754,"chronos=0.4949,ml=0.5032,tso=0.0019"
DK1,solar,simple_mean,False,81.98658463808592,164.8175354517215,0.5570188381648831,8565,
DK1,solar,median,False,81.98658463808592,164.8175354517215,0.5570188381648831,8565,
DK1,solar,constrained_learned,False,79.96080843182567,160.71772332052177,0.5432556656437415,8565,"chronos=0.5702,ml=0.4298"
DK1,solar,simple_mean,True,83.64737018256389,168.11035145209408,0.5683022553057455,8565,
DK1,solar,median,True,90.30311394635747,185.05221829999013,0.6135215393483358,8565,
DK1,solar,constrained_learned,True,80.53698319792011,161.6391692670972,0.5471702109343715,8565,"chronos=0.4240,ml=0.2579,tso=0.3181"
DK2,solar,simple_mean,False,27.00928740361814,52.510245364463444,0.5509275352146431,8552,
DK2,solar,median,False,27.00928740361814,52.510245364463444,0.5509275352146431,8552,
DK2,solar,constrained_learned,False,25.794678731224895,50.024019683593814,0.5261523031941827,8552,"chronos=0.5799,ml=0.4201"
DK2,solar,simple_mean,True,27.413717457081532,52.57083337456179,0.559176981014219,8552,
DK2,solar,median,True,28.620190562954384,56.55772402211461,0.583786266131169,8552,
DK2,solar,constrained_learned,True,26.450135935117196,50.64113389297,0.5395221272988606,8552,"chronos=0.4060,ml=0.2936,tso=0.3004"
ES,solar,simple_mean,False,673.0608359756972,1183.0903905510706,0.6353084740573978,8542,
ES,solar,median,False,673.0608359756972,1183.0903905510706,0.6353084740573978,8542,
ES,solar,constrained_learned,False,664.1492715117478,1162.2274184711227,0.6268967642706464,8542,"chronos=0.5292,ml=0.4708"
ES,solar,simple_mean,True,638.9115310541007,1105.347990792371,0.6030746229101835,8542,
ES,solar,median,True,622.0986520150662,1091.1798785289875,0.5872047877394646,8542,
ES,solar,constrained_learned,True,630.242102219618,1088.3423072605442,0.5948914672288697,8542,"chronos=0.3577,ml=0.3073,tso=0.3350"
PT,solar,simple_mean,False,130.6636978427993,251.62488994656306,0.8370762209612189,8499,
PT,solar,median,False,130.6636978427993,251.62488994656306,0.8370762209612189,8499,
PT,solar,constrained_learned,False,115.86247261189354,220.22018364995083,0.7422545230724259,8499,"chronos=0.6183,ml=0.3817"
PT,solar,simple_mean,True,103.4976022705271,210.2401473933481,0.6630409457062098,8499,
PT,solar,median,True,84.63990071353882,179.18152495615593,0.5422320767093329,8499,
PT,solar,constrained_learned,True,92.9683938603345,191.73430249979273,0.5955872448602344,8499,"chronos=0.4039,ml=0.2292,tso=0.3669"
NL,wind_onshore,simple_mean,False,86.23472721110603,117.25016271418937,0.3533355512713255,8761,
NL,wind_onshore,median,False,86.23472721110603,117.25016271418937,0.3533355512713255,8761,
NL,wind_onshore,constrained_learned,False,71.04242097528821,96.48373057360455,0.29108705727685324,8761,"chronos=0.7000,ml=0.3000"
NL,wind_onshore,simple_mean,True,281.4978543701632,374.5742564171417,1.15340075596328,8761,
NL,wind_onshore,median,True,96.41829592683483,134.77424359193054,0.39506139632760867,8761,
NL,wind_onshore,constrained_learned,True,70.42823757632179,94.85339448352128,0.2885705208781906,8761,"chronos=0.7000,ml=0.2857,tso=0.0143"
NL,wind_offshore,simple_mean,False,203.81526260288496,283.45135097526656,0.35123556222818436,8761,
NL,wind_offshore,median,False,203.81526260288496,283.45135097526656,0.35123556222818436,8761,
NL,wind_offshore,constrained_learned,False,170.20636408792433,235.89349665051822,0.2933172286597488,8761,"chronos=0.7000,ml=0.3000"
NL,wind_offshore,simple_mean,True,228.5324929229445,305.0775153865479,0.39383085257748895,8761,
NL,wind_offshore,median,True,195.7802944873873,292.85547206449746,0.3373888732830533,8761,
NL,wind_offshore,constrained_learned,True,167.81274080337133,228.7138256985384,0.2891922891955708,8761,"chronos=0.7000,ml=0.1401,tso=0.1599"
DK1,wind_onshore,simple_mean,False,223.59242785812893,297.17272574381326,0.30807427818287847,8642,
DK1,wind_onshore,median,False,223.59242785812893,297.17272574381326,0.30807427818287847,8642,
DK1,wind_onshore,constrained_learned,False,175.0241884882562,229.8082158631983,0.24115508315548378,8642,"chronos=0.7000,ml=0.3000"
DK1,wind_onshore,simple_mean,True,197.90890999992286,264.0975435688513,0.2726865358467006,8642,
DK1,wind_onshore,median,True,165.0980856227667,234.14640349624932,0.2274785154615412,8642,
DK1,wind_onshore,constrained_learned,True,146.71644030954428,198.3145271007366,0.20215157498358435,8642,"chronos=0.6150,ml=0.0743,tso=0.3107"
DK1,wind_offshore,simple_mean,False,202.00669638319346,280.19860462971485,0.4102126742615689,8660,
DK1,wind_offshore,median,False,202.00669638319346,280.19860462971485,0.4102126742615689,8660,
DK1,wind_offshore,constrained_learned,False,176.0465953656556,249.55363109437974,0.35749579579579804,8660,"chronos=0.7000,ml=0.3000"
DK1,wind_offshore,simple_mean,True,222.98676234534878,293.07726674479886,0.45281665283559736,8660,
DK1,wind_offshore,median,True,197.64673735279445,287.37315637335087,0.4013589556197959,8660,
DK1,wind_offshore,constrained_learned,True,177.455017348538,246.60380103531696,0.36035586211256515,8660,"chronos=0.6690,ml=0.1505,tso=0.1805"
DK2,wind_onshore,simple_mean,False,39.212793673592174,53.471393415351706,0.30606970061208477,8636,
DK2,wind_onshore,median,False,39.212793673592174,53.471393415351706,0.30606970061208477,8636,
DK2,wind_onshore,constrained_learned,False,31.156984640633958,41.970877377018745,0.24319126661348567,8636,"chronos=0.7000,ml=0.3000"
DK2,wind_onshore,simple_mean,True,33.660957027089474,45.51259258913927,0.26273565523937165,8636,
DK2,wind_onshore,median,True,26.669930477946966,37.38924471196932,0.20816822450035263,8636,
DK2,wind_onshore,constrained_learned,True,26.573115583129347,36.384564900037056,0.20741255006107964,8636,"chronos=0.5217,ml=0.1141,tso=0.3642"
DK2,wind_offshore,simple_mean,False,107.75965102562009,150.06784993037874,0.39148835500721924,8660,
DK2,wind_offshore,median,False,107.75965102562009,150.06784993037874,0.39148835500721924,8660,
DK2,wind_offshore,constrained_learned,False,94.11562854026998,134.36138655942318,0.34191993243315877,8660,"chronos=0.7000,ml=0.3000"
DK2,wind_offshore,simple_mean,True,103.2585102375766,142.25195183747505,0.37513581316066025,8660,
DK2,wind_offshore,median,True,93.64619726192264,136.02569619345147,0.34021449930303993,8660,
DK2,wind_offshore,constrained_learned,True,90.75380366861992,130.15938683576553,0.32970649933182355,8660,"chronos=0.5632,ml=0.1338,tso=0.3030"
ES,wind_onshore,simple_mean,False,1002.3135245312859,1342.7165543416706,0.3947980781284112,8678,
ES,wind_onshore,median,False,1002.3135245312859,1342.7165543416706,0.3947980781284112,8678,
ES,wind_onshore,constrained_learned,False,846.6126316786704,1148.890688230017,0.3334695499217946,8678,"chronos=0.7000,ml=0.3000"
ES,wind_onshore,simple_mean,True,859.955895930898,1158.5034170217011,0.3387252857308095,8678,
ES,wind_onshore,median,True,751.9105809184143,1043.548828904929,0.29616766112162873,8678,
ES,wind_onshore,constrained_learned,True,756.460992897566,1044.1423875324554,0.29796000838632486,8678,"chronos=0.4644,ml=0.1625,tso=0.3731"
PT,wind_onshore,simple_mean,False,311.42216950935665,430.44328887828107,0.34076061530210977,8689,
PT,wind_onshore,median,False,311.42216950935665,430.44328887828107,0.34076061530210977,8689,
PT,wind_onshore,constrained_learned,False,250.0448621087214,344.64030390478956,0.27360107727571115,8689,"chronos=0.7000,ml=0.3000"
PT,wind_onshore,simple_mean,True,266.47042673156096,366.1142918805718,0.2915740607546385,8689,
PT,wind_onshore,median,True,214.73557313603408,304.5743196977731,0.23496537238941714,8689,
PT,wind_onshore,constrained_learned,True,203.89521889782088,290.5399828220029,0.22310377054480157,8689,"chronos=0.5154,ml=0.0569,tso=0.4277"
PT,wind_offshore,simple_mean,False,2.8376047987530413,4.405060833551748,0.4220947643150648,8689,
PT,wind_offshore,median,False,2.8376047987530413,4.405060833551748,0.4220947643150648,8689,
PT,wind_offshore,constrained_learned,False,2.57834346686516,4.10533351942679,0.38352954521643834,8689,"chronos=0.7000,ml=0.3000"
PT,wind_offshore,simple_mean,True,2.9165353033673513,4.332835405335657,0.4338357060970518,8689,
PT,wind_offshore,median,True,2.481494696195339,4.117088249592753,0.3691232547252304,8689,
PT,wind_offshore,constrained_learned,True,2.70938099400095,4.169965219870208,0.4030214258888687,8689,"chronos=0.5261,ml=0.1893,tso=0.2846"
