zone,target,horizon_band,component_set,model,mean_weight,min_weight,max_weight,std_weight
DK1,load,01-06,With TSO,Chronos2,0.4352691239803806,0.38099635045382685,0.4774095002172233,0.026984934939274875
DK1,load,01-06,With TSO,Ridge,0.15774480283269482,0.12966251605133172,0.1816645939441321,0.014789606132944288
DK1,load,01-06,With TSO,TSO,0.09979738734890385,0.0514785973204175,0.14134535211771876,0.032903014986036726
DK1,load,01-06,With TSO,TimesFM3,0.3071886858380207,0.27825808429227766,0.3913182550663598,0.026629476936637534
DK1,load,07-12,With TSO,Chronos2,0.358114728305953,0.2835649734770272,0.4380155755537744,0.03319544009389213
DK1,load,07-12,With TSO,Ridge,0.15599531866188082,0.11755036816658217,0.19175724209826325,0.013784905841832652
DK1,load,07-12,With TSO,TSO,0.1710754735970563,0.1117492186575806,0.207837505102994,0.019310452566560502
DK1,load,07-12,With TSO,TimesFM3,0.31481447943510993,0.2988020261976999,0.33411030842665795,0.009090574244054102
DK1,load,13-18,With TSO,Chronos2,0.2755250101567842,0.2613920397100276,0.30648560595504415,0.009553558888234698
DK1,load,13-18,With TSO,Ridge,0.2179135290969948,0.2086571056115649,0.22565546559024832,0.0038765516918924854
DK1,load,13-18,With TSO,TSO,0.22966023908375952,0.2099855526134793,0.2501431611710031,0.009757366984134496
DK1,load,13-18,With TSO,TimesFM3,0.27690122166246156,0.2332073005084755,0.30125415751050005,0.018866746595948287
DK1,load,19-24,With TSO,Chronos2,0.28454976785718405,0.2462850178587046,0.4265094063822998,0.04759766463941947
DK1,load,19-24,With TSO,Ridge,0.2323389816228415,0.2083464080478714,0.2470843001733502,0.009076691302858845
DK1,load,19-24,With TSO,TSO,0.23290729044960803,0.09474213601845452,0.2662471710338375,0.04346149223520392
DK1,load,19-24,With TSO,TimesFM3,0.25020396007036644,0.24109364175925968,0.262091050400638,0.004010111989070006
DK1,load,01-06,Without TSO,Chronos2,0.4562240627932309,0.3969781648927136,0.4893762189701321,0.020739440966193564
DK1,load,01-06,Without TSO,Ridge,0.21171248996013595,0.1602534681588137,0.2496874102512253,0.029524454672959773
DK1,load,01-06,Without TSO,TimesFM3,0.3320634472466331,0.3063000896364511,0.4089073965426093,0.019331727893989258
DK1,load,07-12,Without TSO,Chronos2,0.40625623185015936,0.34420268580642294,0.46795310240252097,0.026892813048575496
DK1,load,07-12,Without TSO,Ridge,0.22962263484259987,0.17197291122975686,0.2812027483793496,0.020334735143929153
DK1,load,07-12,Without TSO,TimesFM3,0.3641211333072408,0.34482736001004266,0.3823091814903459,0.01048253004170591
DK1,load,13-18,Without TSO,Chronos2,0.3480718542498184,0.3363493084790253,0.38258069686651974,0.01179848820549701
DK1,load,13-18,Without TSO,Ridge,0.3038952813907913,0.29190239826063485,0.31733310966321554,0.005519522895196917
DK1,load,13-18,Without TSO,TimesFM3,0.3480328643593903,0.3098612743737416,0.3650667147047987,0.015151738078186663
DK1,load,19-24,Without TSO,Chronos2,0.3556526722314458,0.3310460467439606,0.4476834515233261,0.029111319210347864
DK1,load,19-24,Without TSO,Ridge,0.3202370486413532,0.27447624637739815,0.340455535115421,0.01783611006260514
DK1,load,19-24,Without TSO,TimesFM3,0.32411027912720103,0.27784030209927574,0.3381313887275552,0.012501980981696843
DK2,load,01-06,With TSO,Chronos2,0.44262555713409435,0.4238938612182844,0.46895762458621765,0.010865511507145747
DK2,load,01-06,With TSO,Ridge,0.13913246800880255,0.08840343011665117,0.16666805653641414,0.013942392227272924
DK2,load,01-06,With TSO,TSO,0.03584534558762579,0.0,0.06691413853912409,0.01962553271858892
DK2,load,01-06,With TSO,TimesFM3,0.3823966292694774,0.3252382625313854,0.4484972396768824,0.031173689073295215
DK2,load,07-12,With TSO,Chronos2,0.36991197096255585,0.31236228320497733,0.4212657264733877,0.025417597083586107
DK2,load,07-12,With TSO,Ridge,0.14591797526119768,0.1122771187288272,0.18333096822231018,0.019569008094497336
DK2,load,07-12,With TSO,TSO,0.09145352325419255,0.0404828235730963,0.13314007947156586,0.01925493115995937
DK2,load,07-12,With TSO,TimesFM3,0.39271653052205396,0.3280586128394447,0.4428844366613993,0.03215593443593012
DK2,load,13-18,With TSO,Chronos2,0.29084334451682087,0.2733159357601944,0.32796015659711686,0.016187188324754836
DK2,load,13-18,With TSO,Ridge,0.21068729032428973,0.2018534320213156,0.222768391502183,0.0043276480278888925
DK2,load,13-18,With TSO,TSO,0.19463990374324586,0.14592687686767683,0.22113267902864794,0.022684938244735747
DK2,load,13-18,With TSO,TimesFM3,0.3038294614156436,0.276065506615485,0.33833609148374677,0.011480687739939193
DK2,load,19-24,With TSO,Chronos2,0.2628724839016331,0.21022124470287415,0.3469488645382219,0.04675926138903987
DK2,load,19-24,With TSO,Ridge,0.2310976907676596,0.19381704788633447,0.2579079835851984,0.01488168144875523
DK2,load,19-24,With TSO,TSO,0.286830431823851,0.19456974006388614,0.3341404948490371,0.05012991458584934
DK2,load,19-24,With TSO,TimesFM3,0.21919939350685635,0.19852546894694423,0.2554660229269454,0.015358755786794085
DK2,load,01-06,Without TSO,Chronos2,0.44676013296184686,0.4286447350366055,0.47098700792632586,0.010340675631362725
DK2,load,01-06,Without TSO,Ridge,0.1639730376658719,0.08840488254893687,0.21172285356582893,0.026073388558048083
DK2,load,01-06,Without TSO,TimesFM3,0.3892668293722813,0.3386486092130161,0.4484967845951273,0.027480061830310286
DK2,load,07-12,Without TSO,Chronos2,0.38888443813303575,0.34055150443727483,0.4345423829576033,0.022468849229453684
DK2,load,07-12,Without TSO,Ridge,0.19586657083046932,0.16610456380693486,0.22793137134497488,0.01840644621490263
DK2,load,07-12,Without TSO,TimesFM3,0.415248991036495,0.34539408691891493,0.46113216771576027,0.03212997594938822
DK2,load,13-18,Without TSO,Chronos2,0.35351735106793014,0.3306663081011565,0.3751234196666486,0.00946020010538385
DK2,load,13-18,Without TSO,Ridge,0.28739604662676027,0.26271002533651416,0.3034062233467172,0.008012536585361735
DK2,load,13-18,Without TSO,TimesFM3,0.3590866023053096,0.3427912250692896,0.3850919259430316,0.006898690611556481
DK2,load,19-24,Without TSO,Chronos2,0.36428432787143195,0.32527489245895075,0.4113246602045572,0.0272054856637065
DK2,load,19-24,Without TSO,Ridge,0.3476612645593397,0.2825732298981365,0.39740346712719765,0.03569084518062734
DK2,load,19-24,Without TSO,TimesFM3,0.28805440756922834,0.2746988018832599,0.3151150124696997,0.009952318390042927
ES,load,01-06,With TSO,Chronos2,0.252871267311347,0.24622385882753867,0.2725142778097952,0.005317636736220952
ES,load,01-06,With TSO,Ridge,0.25464302221565865,0.23116193171798155,0.26095680230770685,0.006340681789530293
ES,load,01-06,With TSO,TSO,0.22697652981276673,0.2210987170462564,0.23151886512917494,0.002563727723978173
ES,load,01-06,With TSO,TimesFM3,0.2655091806602276,0.26314876695743217,0.27103860405563335,0.0018262885889141487
ES,load,07-12,With TSO,Chronos2,0.24946294307604786,0.22853309494726792,0.2657095424725074,0.0085458918173991
ES,load,07-12,With TSO,Ridge,0.2403486624360568,0.21565673950720754,0.26241847209016256,0.008358352210056505
ES,load,07-12,With TSO,TSO,0.2442304111237356,0.22560307077380892,0.28512032491362654,0.011310093723551143
ES,load,07-12,With TSO,TimesFM3,0.26595798336415977,0.24756450200924732,0.27560283641062083,0.005481226608393713
ES,load,13-18,With TSO,Chronos2,0.2505740544033089,0.23513512330093392,0.29489162859308626,0.01112212103516703
ES,load,13-18,With TSO,Ridge,0.2451709459657443,0.2134721047535455,0.25478538176451054,0.008503539694292616
ES,load,13-18,With TSO,TSO,0.2586397230255503,0.21687963351885517,0.2774268955371362,0.010738459801373095
ES,load,13-18,With TSO,TimesFM3,0.24561527660539653,0.23844129558067162,0.27475663313451304,0.007617946911931746
ES,load,19-24,With TSO,Chronos2,0.23595542708595849,0.20944748378655415,0.3218681570167352,0.01941184351362825
ES,load,19-24,With TSO,Ridge,0.2733482243580985,0.21262963026386975,0.28729614675094506,0.014746519747860109
ES,load,19-24,With TSO,TSO,0.24393164450453328,0.1800878964176628,0.26369972771876277,0.014557022987511744
ES,load,19-24,With TSO,TimesFM3,0.24676470405140968,0.22733899374848915,0.2854143163017323,0.011936963247323669
ES,load,01-06,Without TSO,Chronos2,0.3245341763180188,0.31952478629445924,0.34371775793431153,0.005208227951267446
ES,load,01-06,Without TSO,Ridge,0.32797920127432995,0.305953518288711,0.3325562498816369,0.006192996856857801
ES,load,01-06,Without TSO,TimesFM3,0.34748662240765127,0.34592106488942764,0.3510207153340108,0.001310403921172405
ES,load,07-12,Without TSO,Chronos2,0.33657631976441155,0.3246286582515353,0.35178558353569156,0.006166322654296003
ES,load,07-12,Without TSO,Ridge,0.3085331954866799,0.2878888250975445,0.33113626102824134,0.007038124299051061
ES,load,07-12,Without TSO,TimesFM3,0.3548904847489086,0.3417864439448653,0.37145911570567686,0.005291753806496824
ES,load,13-18,Without TSO,Chronos2,0.3337208837673879,0.32488186765128246,0.3638574559600218,0.007852252047074057
ES,load,13-18,Without TSO,Ridge,0.3284911439661592,0.2866537487524807,0.339444665220568,0.010793931364799328
ES,load,13-18,Without TSO,TimesFM3,0.33778797226645296,0.3335723573765482,0.3494887952874976,0.0033853774684172574
ES,load,19-24,Without TSO,Chronos2,0.2953383742071751,0.27776537080988967,0.3672120279449618,0.015689387066163324
ES,load,19-24,Without TSO,Ridge,0.37920502523929284,0.2925990829506352,0.3954677836734829,0.01911412143332034
ES,load,19-24,Without TSO,TimesFM3,0.32545660055353204,0.31193418108525905,0.3411610892634457,0.008000308569328006
NL,load,01-06,With TSO,Chronos2,0.3789319143628607,0.3610999055260085,0.3953404596675559,0.009618081413339611
NL,load,01-06,With TSO,Ridge,0.21590192897869886,0.2005676907202932,0.23179390465211605,0.008058314034036902
NL,load,01-06,With TSO,TSO,0.03620069439835865,0.010980962383608638,0.062030662030769235,0.014977241035352954
NL,load,01-06,With TSO,TimesFM3,0.36896546226008176,0.35663567175475286,0.3814953628599535,0.005692011028516032
NL,load,07-12,With TSO,Chronos2,0.5214125330973152,0.46009158204342276,0.5854830405986419,0.03501800424292881
NL,load,07-12,With TSO,Ridge,0.05725900402609437,0.019840552476111665,0.09227668622972555,0.014460153348638417
NL,load,07-12,With TSO,TSO,0.0191378067234366,0.0,0.05742725967527851,0.019402187938633315
NL,load,07-12,With TSO,TimesFM3,0.40219065615315397,0.3822163621554256,0.42541052683348435,0.01105514354186205
NL,load,13-18,With TSO,Chronos2,0.48053720368948744,0.4311472798366849,0.5155635869374716,0.0220561308383866
NL,load,13-18,With TSO,Ridge,0.032356956523071835,0.0,0.11417967196651818,0.03611407352000186
NL,load,13-18,With TSO,TSO,0.02252060416242425,0.0,0.08049700340583199,0.026051649220447278
NL,load,13-18,With TSO,TimesFM3,0.46458523562501647,0.3970029607503962,0.5165568037758401,0.04246597029897761
NL,load,19-24,With TSO,Chronos2,0.46833191559034665,0.41824324460599094,0.5214943007152767,0.031285961010430484
NL,load,19-24,With TSO,Ridge,0.037797125425685495,0.0,0.10954414245527892,0.04050667059324726
NL,load,19-24,With TSO,TSO,0.020573796585022123,0.0,0.0662480613730995,0.019141782417217406
NL,load,19-24,With TSO,TimesFM3,0.4732971623989458,0.427448898952688,0.5255168391312969,0.0324644295675914
NL,load,01-06,Without TSO,Chronos2,0.40255423746951,0.3862250543258782,0.4150877320076078,0.006814566697192306
NL,load,01-06,Without TSO,Ridge,0.20401784370803083,0.18662035769768637,0.22737728317408176,0.009811085214811045
NL,load,01-06,Without TSO,TimesFM3,0.3934279188224592,0.38454596609589914,0.40009203615413147,0.0035346125812602586
NL,load,07-12,Without TSO,Chronos2,0.5224295961696118,0.47100425937527945,0.5807812560759732,0.030686222502403087
NL,load,07-12,Without TSO,Ridge,0.06482157650119555,0.024162819366693043,0.10222190077249076,0.018741952689841666
NL,load,07-12,Without TSO,TimesFM3,0.4127488273291927,0.385309846380656,0.44425254036762757,0.015737552395206567
NL,load,13-18,Without TSO,Chronos2,0.4876445930617939,0.4577547853980872,0.5155635543261149,0.012527059610324914
NL,load,13-18,Without TSO,Ridge,0.04016096414491456,0.0,0.12551223165648137,0.042188089789063785
NL,load,13-18,Without TSO,TimesFM3,0.4721944427932915,0.4162394857813141,0.5180030466399046,0.0347498425191022
NL,load,19-24,Without TSO,Chronos2,0.46888167175558393,0.42568548081377605,0.5214942979410946,0.02949633592118861
NL,load,19-24,Without TSO,Ridge,0.04744521827403012,0.0,0.12542558029669734,0.04893799711165237
NL,load,19-24,Without TSO,TimesFM3,0.483673109970386,0.4432935572786656,0.538326656555144,0.027744138152047168
PT,load,01-06,With TSO,Chronos2,0.2916626296334217,0.25846938463966673,0.37641106991167006,0.03668917192060922
PT,load,01-06,With TSO,Ridge,0.19901988491333045,0.12843289716044404,0.22184691277253688,0.030728234052774948
PT,load,01-06,With TSO,TSO,0.1896790185503398,0.09335182917562446,0.23330831090569917,0.04334439724347764
PT,load,01-06,With TSO,TimesFM3,0.3196384669029081,0.28742276129387034,0.4030940439785252,0.037430871852011854
PT,load,07-12,With TSO,Chronos2,0.2565472698443737,0.15637875138683754,0.31831822765281315,0.04308485844665336
PT,load,07-12,With TSO,Ridge,0.2103874771689626,0.1734009813031889,0.23021960374921008,0.009975311828606998
PT,load,07-12,With TSO,TSO,0.2447567375923567,0.2185091320013031,0.26101937532600517,0.006638166154592963
PT,load,07-12,With TSO,TimesFM3,0.288308515394307,0.25526582706888284,0.3876357604472662,0.04417555599422728
PT,load,13-18,With TSO,Chronos2,0.2652481254919118,0.20847323184461522,0.3062436566784731,0.029566427177156483
PT,load,13-18,With TSO,Ridge,0.23063582469958976,0.2044523875893784,0.26747929682937205,0.017636263429310677
PT,load,13-18,With TSO,TSO,0.2632287974651776,0.25640792757253533,0.27680858596953184,0.0050812799310690744
PT,load,13-18,With TSO,TimesFM3,0.24088725234332087,0.22308028311844777,0.2569167589958111,0.009861423154463478
PT,load,19-24,With TSO,Chronos2,0.23547054075160814,0.16729364182417442,0.27828637475927304,0.02853119051377897
PT,load,19-24,With TSO,Ridge,0.25404975502437993,0.22797275926480637,0.2816546442431157,0.009786879217361188
PT,load,19-24,With TSO,TSO,0.29488870187319216,0.2784185424568439,0.32218562147113217,0.010655627185207243
PT,load,19-24,With TSO,TimesFM3,0.21559100235081977,0.16423235469291653,0.2617381310033297,0.030462337431322536
PT,load,01-06,Without TSO,Chronos2,0.3468074424546956,0.33000158272645275,0.39034230926620117,0.017327227436472133
PT,load,01-06,Without TSO,Ridge,0.27601413286246035,0.20003908554997868,0.30300596469463426,0.03356206037304225
PT,load,01-06,Without TSO,TimesFM3,0.37717842468284407,0.36347986595864373,0.4157377786747326,0.01682593756975736
PT,load,07-12,Without TSO,Chronos2,0.3310624835182533,0.2307980454955062,0.3919418483841417,0.043692933743116814
PT,load,07-12,Without TSO,Ridge,0.3041415490616388,0.24925847024358785,0.32318460786821424,0.012069923140433234
PT,load,07-12,Without TSO,TimesFM3,0.36479596742010795,0.33219570458559006,0.47521412061205337,0.049619569995708684
PT,load,13-18,Without TSO,Chronos2,0.3454673375601525,0.2914960729680079,0.38528199526616996,0.027614593928838978
PT,load,13-18,Without TSO,Ridge,0.32543923010142406,0.3053163014297126,0.36070008103423057,0.01593845837477534
PT,load,13-18,Without TSO,TimesFM3,0.3290934323384235,0.3081093525449883,0.3552309536504396,0.012716551035465514
PT,load,19-24,Without TSO,Chronos2,0.31518785595929716,0.25768876964015847,0.3549523553691151,0.024155117407460437
PT,load,19-24,Without TSO,Ridge,0.3670414854378564,0.3259746005096575,0.3946721979780469,0.012986367195725108
PT,load,19-24,Without TSO,TimesFM3,0.3177706586028465,0.2714942495745766,0.36561905063470407,0.0290828492769133
DK1,solar,01-06,With TSO,Chronos2,0.30112140969518403,0.0,0.62204937903453,0.18850992045203385
DK1,solar,01-06,With TSO,TSO,0.2452316680918466,0.0,0.7000000000000307,0.287020492200982
DK1,solar,01-06,With TSO,TimesFM3,0.3302387196785191,0.12249802078793252,0.6641475196113269,0.12166636128568531
DK1,solar,01-06,With TSO,XGBoost,0.12340820253445033,0.0,0.3643541617406066,0.13346866142887506
DK1,solar,07-12,With TSO,Chronos2,0.22725042488669622,0.0,0.47890094029083247,0.1440498165235109
DK1,solar,07-12,With TSO,TSO,0.49176985855007893,0.24201919131750568,0.7000000000000789,0.15183213292318404
DK1,solar,07-12,With TSO,TimesFM3,0.18808792878466976,0.0,0.38002139124625134,0.08871765006450667
DK1,solar,07-12,With TSO,XGBoost,0.09289178777855513,0.0,0.2659875590361088,0.10615010437983229
DK1,solar,13-18,With TSO,Chronos2,0.36508298613345697,0.2959861769834624,0.41764472831767435,0.029813194726224464
DK1,solar,13-18,With TSO,TSO,0.19426209991802493,0.11670879827988725,0.2791673567339846,0.04293227318521148
DK1,solar,13-18,With TSO,TimesFM3,0.34339759978724027,0.21959342010404911,0.4569900166764204,0.07220291566073105
DK1,solar,13-18,With TSO,XGBoost,0.09725731416127788,0.03001652717387571,0.2033073897317288,0.05472089350628942
DK1,solar,19-24,With TSO,Chronos2,0.35476754954167905,0.27356748478920906,0.41932692378813635,0.03126432458776177
DK1,solar,19-24,With TSO,TSO,0.18476793670996147,0.106004768450061,0.2726228171795415,0.0385449611103915
DK1,solar,19-24,With TSO,TimesFM3,0.31313199394330943,0.20037421096965471,0.41076785361839335,0.05581217338875758
DK1,solar,19-24,With TSO,XGBoost,0.1473325198050501,0.08990211016778298,0.2426121286768833,0.040231261364926565
DK1,solar,01-06,Without TSO,Chronos2,0.36910033440437373,0.29999999999660226,0.5976251733243365,0.07690602558923473
DK1,solar,01-06,Without TSO,TimesFM3,0.4932857723634139,0.24634295374827894,0.7000000000016241,0.16440021652510906
DK1,solar,01-06,Without TSO,XGBoost,0.1376138932322124,0.0,0.3643558186029971,0.14309954004962608
DK1,solar,07-12,Without TSO,Chronos2,0.2553124289488146,0.06250167029461597,0.5531440097346076,0.13756901002090957
DK1,solar,07-12,Without TSO,TimesFM3,0.4735896424038875,0.20470569225467095,0.7000000000026396,0.18326545905042285
DK1,solar,07-12,Without TSO,XGBoost,0.27109792864729787,0.0,0.7000000000000001,0.2908541920340094
DK1,solar,13-18,Without TSO,Chronos2,0.4069657804379344,0.3391550931834779,0.4639333575758891,0.02618608399019164
DK1,solar,13-18,Without TSO,TimesFM3,0.3833029050061223,0.2691624521502142,0.4771785045033552,0.06257227821085808
DK1,solar,13-18,Without TSO,XGBoost,0.20973131455594332,0.10511032536887509,0.3384275019903801,0.0722281704812056
DK1,solar,19-24,Without TSO,Chronos2,0.39372800558467863,0.3342272895165623,0.470691182432372,0.0309089290536688
DK1,solar,19-24,Without TSO,TimesFM3,0.3494293131074845,0.2482840935961365,0.4243336661692396,0.045602399789576156
DK1,solar,19-24,Without TSO,XGBoost,0.25684268130783694,0.1795789961344162,0.36834856896067164,0.04549094678945215
DK2,solar,01-06,With TSO,Chronos2,0.18862602418999275,0.04302412293783775,0.3830615214854631,0.0706108692623484
DK2,solar,01-06,With TSO,TSO,0.08294348596409383,0.0,0.5341252529941125,0.1478285394709225
DK2,solar,01-06,With TSO,TimesFM3,0.6702428675404069,0.4004016196421543,0.7000000000000003,0.08554788020735314
DK2,solar,01-06,With TSO,XGBoost,0.058187622305506594,0.0,0.16993460308673658,0.03537490994367224
DK2,solar,07-12,With TSO,Chronos2,0.1492715088330984,0.0,0.7000000000000001,0.13359727480981595
DK2,solar,07-12,With TSO,TSO,0.23165477854388403,0.0,0.5177343914032231,0.1970300189017367
DK2,solar,07-12,With TSO,TimesFM3,0.4578948857951723,0.12423742906630654,0.7,0.19473088416769202
DK2,solar,07-12,With TSO,XGBoost,0.16117882682784535,0.0,0.3296327291287031,0.1000207751873761
DK2,solar,13-18,With TSO,Chronos2,0.3553563263027552,0.3155254254906651,0.45604769598735073,0.03024411920989952
DK2,solar,13-18,With TSO,TSO,0.1980649379974832,0.08908961774555932,0.302640241658695,0.0533999679123145
DK2,solar,13-18,With TSO,TimesFM3,0.3664010015978398,0.30700264136197314,0.42160771793800833,0.0348304010769836
DK2,solar,13-18,With TSO,XGBoost,0.08017773410192189,0.02677236702863143,0.11766408890671153,0.02590608888655346
DK2,solar,19-24,With TSO,Chronos2,0.3167531842686745,0.2259915603773431,0.361658515463369,0.039121864352108036
DK2,solar,19-24,With TSO,TSO,0.1751187404982375,0.10971176319065584,0.30999270191147626,0.05455438234190002
DK2,solar,19-24,With TSO,TimesFM3,0.39004853030854,0.3522014217496795,0.4199173143856023,0.01731375178322115
DK2,solar,19-24,With TSO,XGBoost,0.1180795449245481,0.05149681564171769,0.15012388836857166,0.02375129229327081
DK2,solar,01-06,Without TSO,Chronos2,0.2203278090093251,0.13006539752585708,0.38306154941754933,0.05611013217915975
DK2,solar,01-06,Without TSO,TimesFM3,0.6987904786355003,0.6169384505824508,0.7000000000000063,0.009998848727193133
DK2,solar,01-06,Without TSO,XGBoost,0.0808817123551746,0.0,0.16993460247414297,0.05339875549905593
DK2,solar,07-12,Without TSO,Chronos2,0.15855697461432147,0.0,0.7000000000000001,0.1486539438808385
DK2,solar,07-12,Without TSO,TimesFM3,0.5920632297310636,0.23443017956703452,0.7000000000000001,0.13536621682120062
DK2,solar,07-12,Without TSO,XGBoost,0.24937979565461496,0.0,0.6157423399672521,0.20043819148908637
DK2,solar,13-18,Without TSO,Chronos2,0.391507418329755,0.3609513919207057,0.4655641072236312,0.025726904914957275
DK2,solar,13-18,Without TSO,TimesFM3,0.41670960629808707,0.36642444773822175,0.45786701237259275,0.030789509635881267
DK2,solar,13-18,Without TSO,XGBoost,0.19178297537215802,0.1355212298312892,0.25885745349844314,0.0312697234676775
DK2,solar,19-24,Without TSO,Chronos2,0.3591263809768464,0.29271336625015903,0.40013666408494813,0.025461532928367624
DK2,solar,19-24,Without TSO,TimesFM3,0.42189171225432703,0.3948490250338806,0.45433887136374523,0.012847414351533408
DK2,solar,19-24,Without TSO,XGBoost,0.2189819067688266,0.15038208292498143,0.2945220017437657,0.032249709041090875
ES,solar,01-06,With TSO,Chronos2,0.24078705173505954,0.16322934618129628,0.43471372681959486,0.05804102701228966
ES,solar,01-06,With TSO,TSO,0.1379637221482859,0.03668590787222928,0.23476160064978208,0.06401151868137131
ES,solar,01-06,With TSO,TimesFM3,0.2579102058828717,0.188065522460992,0.38115704235024694,0.0630583778984711
ES,solar,01-06,With TSO,XGBoost,0.36333902023378284,0.1252589703186963,0.4897914940777505,0.08175077326499663
ES,solar,07-12,With TSO,Chronos2,0.11575134420294575,0.0,0.22885256734370685,0.06611767837543268
ES,solar,07-12,With TSO,TSO,0.5768105006147017,0.2713256047526509,0.6896532063182209,0.0881755420329234
ES,solar,07-12,With TSO,TimesFM3,0.03903929371802382,0.0,0.2676888354150436,0.0497367001162275
ES,solar,07-12,With TSO,XGBoost,0.2683988614643286,0.08068106565365482,0.4846416434000697,0.10993986329458806
ES,solar,13-18,With TSO,Chronos2,0.24539148160427018,0.2330259883399212,0.25653394799792123,0.006940375089111577
ES,solar,13-18,With TSO,TSO,0.23362340836944592,0.17919782233835696,0.24296613120632593,0.010662026257119338
ES,solar,13-18,With TSO,TimesFM3,0.2711138080081564,0.25941135328227316,0.2834330910061522,0.004816180667579661
ES,solar,13-18,With TSO,XGBoost,0.24987130201812754,0.23792822645673797,0.2922483638393599,0.012252108371342926
ES,solar,19-24,With TSO,Chronos2,0.2440854264178995,0.20360956860563703,0.27294856239285603,0.018281274265649423
ES,solar,19-24,With TSO,TSO,0.2050984954858242,0.12279046054901815,0.22492781806891632,0.01792617118803518
ES,solar,19-24,With TSO,TimesFM3,0.3522373569254324,0.32849792445555503,0.36819271905902057,0.009638823809986402
ES,solar,19-24,With TSO,XGBoost,0.1985787211708439,0.17746332052311253,0.2599212040085685,0.017673736246014
ES,solar,01-06,Without TSO,Chronos2,0.2960763724367315,0.23223496296703383,0.4456653516435091,0.04181539273757972
ES,solar,01-06,Without TSO,TimesFM3,0.256833148340251,0.1748199572248152,0.38776436297904904,0.07007390368163806
ES,solar,01-06,Without TSO,XGBoost,0.44709047922301753,0.16657028537744187,0.5479876285087625,0.09913831370716535
ES,solar,07-12,Without TSO,Chronos2,0.03814795797254364,0.0,0.16985279122744587,0.04496598761777578
ES,solar,07-12,Without TSO,TimesFM3,0.32372184451037767,0.25336810144956073,0.45258162609182645,0.05345378755795102
ES,solar,07-12,Without TSO,XGBoost,0.6381301975170787,0.5362273666061989,0.7000000000000001,0.057644859616678236
ES,solar,13-18,Without TSO,Chronos2,0.3204694822605403,0.30592690884389484,0.329491927417305,0.007199276143689781
ES,solar,13-18,Without TSO,TimesFM3,0.3534551721059564,0.3342372184375883,0.3675564905244355,0.0061131433252197545
ES,solar,13-18,Without TSO,XGBoost,0.3260753456335034,0.3151686692082082,0.3515074690576567,0.008441123222338916
ES,solar,19-24,Without TSO,Chronos2,0.2993858353873254,0.2599668785106263,0.3164267975099577,0.016793680633605163
ES,solar,19-24,Without TSO,TimesFM3,0.4083169469512548,0.37509383551045705,0.426228946016421,0.011564948264012614
ES,solar,19-24,Without TSO,XGBoost,0.2922972176614198,0.26816573930231336,0.3248219020274895,0.015654152592702204
NL,solar,01-06,With TSO,Chronos2,0.3254347130139917,0.1988011619602033,0.7000000000301692,0.1460951849791982
NL,solar,01-06,With TSO,TSO,0.3519310904242455,0.0,0.5745371576385939,0.24811680212203432
NL,solar,01-06,With TSO,TimesFM3,0.15859220209573616,0.05265546672513994,0.3478788114998703,0.10363673694442492
NL,solar,01-06,With TSO,XGBoost,0.16404199446602674,2.1397307450341965e-11,0.25,0.05244943790644368
NL,solar,07-12,With TSO,Chronos2,0.34364942197276394,0.25,0.7000000000000001,0.1265633004452358
NL,solar,07-12,With TSO,TSO,0.5420083927622829,0.1605365287803246,0.7000000000002982,0.15384758231865897
NL,solar,07-12,With TSO,TimesFM3,0.0889798664243719,0.0,0.25,0.0674970934054734
NL,solar,07-12,With TSO,XGBoost,0.025362318840581384,0.0,0.25,0.076033655669998
NL,solar,13-18,With TSO,Chronos2,0.4234093684499633,0.26217869100809865,0.5312151278239776,0.07299738367568372
NL,solar,13-18,With TSO,TSO,0.013718369159199507,0.006371515823469838,0.02107789867641314,0.004537456424287492
NL,solar,13-18,With TSO,TimesFM3,0.26898645711819646,0.17617402140113672,0.36137082544657806,0.049109880513644455
NL,solar,13-18,With TSO,XGBoost,0.29388580527264074,0.23086722811184132,0.36769655773302795,0.030658055227550024
NL,solar,19-24,With TSO,Chronos2,0.452653481831655,0.3156542426736532,0.555983351603151,0.06841115613632019
NL,solar,19-24,With TSO,TSO,0.008525701689284565,0.003599892634178397,0.012664382070415826,0.0024228992163653584
NL,solar,19-24,With TSO,TimesFM3,0.24166416349349557,0.18252297827193392,0.3389370431474792,0.038722725419558
NL,solar,19-24,With TSO,XGBoost,0.29715665298556493,0.23823344910431155,0.35257601009525835,0.03393352263335049
NL,solar,01-06,Without TSO,Chronos2,0.49521516862145953,0.3333333333333333,0.6068994961375268,0.07626870179483515
NL,solar,01-06,Without TSO,TimesFM3,0.2195387691994834,0.1201572780591796,0.3478789538867691,0.07355675326778252
NL,solar,01-06,Without TSO,XGBoost,0.2852460621790571,0.09689720685803431,0.4035821766084482,0.08552220604343876
NL,solar,07-12,Without TSO,Chronos2,0.6628019323729768,0.3333333333333333,0.7000000003842248,0.11151602831797018
NL,solar,07-12,Without TSO,TimesFM3,0.3033816425001694,0.29999999923566817,0.3333333333333333,0.010137820760030279
NL,solar,07-12,Without TSO,XGBoost,0.03381642512685373,0.0,0.3333333333333333,0.10137820755793991
NL,solar,13-18,Without TSO,Chronos2,0.6701162695175665,0.5794502575507663,0.7000000000000001,0.03642595760362265
NL,solar,13-18,Without TSO,TimesFM3,0.011203636543896753,0.0,0.10362839774936039,0.024817055225073974
NL,solar,13-18,Without TSO,XGBoost,0.31868009393853675,0.2608445493212984,0.39771907681121305,0.027712519018739543
NL,solar,19-24,Without TSO,Chronos2,0.6092198683038589,0.5055168809978893,0.7,0.05096550099614584
NL,solar,19-24,Without TSO,TimesFM3,0.017051793205001487,0.0,0.1027525012259508,0.027222501397996757
NL,solar,19-24,Without TSO,XGBoost,0.3737283384911397,0.3,0.4299631423656042,0.040378644643869796
PT,solar,01-06,With TSO,Chronos2,0.04918668620441642,0.0,0.25,0.08670838269009216
PT,solar,01-06,With TSO,TSO,0.6211485846861196,0.25,0.7000000003166872,0.16264677610199965
PT,solar,01-06,With TSO,TimesFM3,0.07346518852509135,0.0,0.25,0.0820217751052445
PT,solar,01-06,With TSO,XGBoost,0.2561995405843727,0.14960411572543292,0.4524433847627738,0.04825663497367214
PT,solar,07-12,With TSO,Chronos2,0.1449275363488131,0.0,0.25,0.12430540162311926
PT,solar,07-12,With TSO,TSO,0.4391304346534622,0.25,0.7000000000799829,0.2237497230178267
PT,solar,07-12,With TSO,TimesFM3,0.14492753627622912,0.0,0.25,0.1243054017089894
PT,solar,07-12,With TSO,XGBoost,0.2710144927214956,0.25,0.3000000027851424,0.024861080314281917
PT,solar,13-18,With TSO,Chronos2,0.29293885974624817,0.25688082790338257,0.3443478921261511,0.02027617900427529
PT,solar,13-18,With TSO,TSO,0.23574879067358243,0.15765902739719567,0.29081133283944943,0.036333823404880755
PT,solar,13-18,With TSO,TimesFM3,0.33799374610359406,0.2921408560927102,0.3808368884399617,0.02239367137093497
PT,solar,13-18,With TSO,XGBoost,0.1333186034765754,0.10735108435489592,0.18332103376638853,0.015426616241945303
PT,solar,19-24,With TSO,Chronos2,0.29145978527055205,0.26411792391988453,0.33265231204988877,0.015596105673137932
PT,solar,19-24,With TSO,TSO,0.24157858894386994,0.16272328243627532,0.3170140009459494,0.0380399278939695
PT,solar,19-24,With TSO,TimesFM3,0.341816945151655,0.27878956841496905,0.4100933892546641,0.03280146315757027
PT,solar,19-24,With TSO,XGBoost,0.12514468063392306,0.09225125384882424,0.1760926388159007,0.01692402107550512
PT,solar,01-06,Without TSO,Chronos2,0.22261756180105977,0.0,0.3333333333333333,0.09166069208743846
PT,solar,01-06,Without TSO,TimesFM3,0.13644110758100048,0.01634421069638498,0.3333333333333333,0.1164378298397834
PT,solar,01-06,Without TSO,XGBoost,0.6409413306179397,0.3333333333333333,0.7000000005485518,0.13497248387786195
PT,solar,07-12,Without TSO,Chronos2,0.27753442173731935,0.04862472344771691,0.3333333333333333,0.07316234423545039
PT,solar,07-12,Without TSO,TimesFM3,0.20330289698774182,3.580846627537148e-13,0.3333333333333333,0.13765854529409016
PT,solar,07-12,Without TSO,XGBoost,0.5191626812749388,0.3333333333333333,0.7000000001690095,0.18449775577695252
PT,solar,13-18,Without TSO,Chronos2,0.3787779653519723,0.35327148843939915,0.40464595829381306,0.012563155466868403
PT,solar,13-18,Without TSO,TimesFM3,0.4305515967213102,0.39315246046253416,0.448741391622783,0.01379259734583304
PT,solar,13-18,Without TSO,XGBoost,0.19067043792671753,0.1485435033588279,0.25229060432265515,0.024495599291006864
PT,solar,19-24,Without TSO,Chronos2,0.37997143687216295,0.3493292224876235,0.40062524103585856,0.012450595615720254
PT,solar,19-24,Without TSO,TimesFM3,0.44130577004925275,0.3850424653535565,0.48349377923734776,0.024133166248656173
PT,solar,19-24,Without TSO,XGBoost,0.1787227930785843,0.12332879471121364,0.2401467283826797,0.02524017082693653
DK1,wind_offshore,01-06,With TSO,Chronos2,0.3274737642179075,0.27354914020594623,0.377504453876372,0.029574760565465697
DK1,wind_offshore,01-06,With TSO,TSO,0.06709155560490308,0.019480006390282866,0.11479944631752902,0.024063406770006762
DK1,wind_offshore,01-06,With TSO,TimesFM3,0.36210539627771066,0.3369565944613933,0.391316449918991,0.008655477111234204
DK1,wind_offshore,01-06,With TSO,XGBoost,0.24332928389947875,0.21169908981435392,0.27469481901513154,0.01491324330766912
DK1,wind_offshore,07-12,With TSO,Chronos2,0.37544819207035085,0.34895684859376097,0.42605751449321266,0.019967386809023074
DK1,wind_offshore,07-12,With TSO,TSO,0.1116178888384336,0.05355633829030328,0.21480694877013454,0.03675091427374
DK1,wind_offshore,07-12,With TSO,TimesFM3,0.41097918955758533,0.3094141995875278,0.44998014461014935,0.02596117142907731
DK1,wind_offshore,07-12,With TSO,XGBoost,0.10195472953363027,0.06768132199780792,0.1454050241624759,0.02039446170569013
DK1,wind_offshore,13-18,With TSO,Chronos2,0.348691463491469,0.3257822181461397,0.37968801336196584,0.012698476862442158
DK1,wind_offshore,13-18,With TSO,TSO,0.1245667379140157,0.07564920791297193,0.2101412805112226,0.029568273122307306
DK1,wind_offshore,13-18,With TSO,TimesFM3,0.4467738400426215,0.3374187991139759,0.5020483629965949,0.035120652760174474
DK1,wind_offshore,13-18,With TSO,XGBoost,0.07996795855189381,0.05205969637010866,0.12226171186607869,0.0143362705681442
DK1,wind_offshore,19-24,With TSO,Chronos2,0.372939946028325,0.31523206616319827,0.44355238446997547,0.026772370111619093
DK1,wind_offshore,19-24,With TSO,TSO,0.143473960672879,0.03434783745150807,0.33861767669267917,0.0779352864989826
DK1,wind_offshore,19-24,With TSO,TimesFM3,0.4062204186600771,0.23369712312114435,0.4668956423784637,0.052034422030817075
DK1,wind_offshore,19-24,With TSO,XGBoost,0.07736567463871905,0.021875190688254963,0.10110708829608368,0.01577226507824094
DK1,wind_offshore,01-06,Without TSO,Chronos2,0.349118040394304,0.31706743676846033,0.38262387919355184,0.019162064567542644
DK1,wind_offshore,01-06,Without TSO,TimesFM3,0.38534506801861007,0.3604117642056508,0.39778717114269,0.007735930469686506
DK1,wind_offshore,01-06,Without TSO,XGBoost,0.265536891587086,0.2198125091390055,0.30980980175009437,0.017544796991130353
DK1,wind_offshore,07-12,Without TSO,Chronos2,0.41852554607543957,0.3781817948667463,0.47140585352189995,0.019625492055392532
DK1,wind_offshore,07-12,Without TSO,TimesFM3,0.44804102878277613,0.3784605492926559,0.4704865638661896,0.019038452840246398
DK1,wind_offshore,07-12,Without TSO,XGBoost,0.1334334251417843,0.08859720819441534,0.18001239351403703,0.018058964387035966
DK1,wind_offshore,13-18,Without TSO,Chronos2,0.39801727515583996,0.3628891900556305,0.4279087246600387,0.016234618687150718
DK1,wind_offshore,13-18,Without TSO,TimesFM3,0.48981975286088697,0.41092738700605375,0.5270909606499996,0.024979337590509437
DK1,wind_offshore,13-18,Without TSO,XGBoost,0.11216297198327314,0.09101344515454046,0.18323241857764636,0.014937482669542833
DK1,wind_offshore,19-24,Without TSO,Chronos2,0.43382740821990046,0.40622633291188975,0.4924522634631925,0.01993422490799065
DK1,wind_offshore,19-24,Without TSO,TimesFM3,0.4589779414899671,0.3698278666539259,0.4795649780690737,0.01942924976727095
DK1,wind_offshore,19-24,Without TSO,XGBoost,0.1071946502901324,0.06014324600981572,0.14706894024707842,0.013755932651468041
DK2,wind_offshore,01-06,With TSO,Chronos2,0.28521902853086634,0.24691999044341637,0.3081551173665366,0.018610767492939818
DK2,wind_offshore,01-06,With TSO,TSO,0.21742211041833037,0.1910376585956196,0.2585214110784948,0.015779574527109572
DK2,wind_offshore,01-06,With TSO,TimesFM3,0.3144955685546163,0.3019353635354315,0.34540036583390143,0.008719270039600276
DK2,wind_offshore,01-06,With TSO,XGBoost,0.18286329249618696,0.15849804455150468,0.22185216421620083,0.013749628121247682
DK2,wind_offshore,07-12,With TSO,Chronos2,0.2572046192462749,0.19441633967367866,0.30616819182536836,0.029567689842675996
DK2,wind_offshore,07-12,With TSO,TSO,0.2740913110804355,0.25434654948378177,0.30311420509955966,0.011276073053726125
DK2,wind_offshore,07-12,With TSO,TimesFM3,0.3824976843544854,0.3332468955130692,0.41355662070944554,0.022888245854390893
DK2,wind_offshore,07-12,With TSO,XGBoost,0.08620638531880422,0.039692854562762406,0.12287931946871766,0.022909847276406027
DK2,wind_offshore,13-18,With TSO,Chronos2,0.3388452598624357,0.2929436103616867,0.35921031767296197,0.013075962648066907
DK2,wind_offshore,13-18,With TSO,TSO,0.20275608600802664,0.1733329723871986,0.22921728483659504,0.014455403003025447
DK2,wind_offshore,13-18,With TSO,TimesFM3,0.3948821290288045,0.3337496509248639,0.41430387185838663,0.016787361501176677
DK2,wind_offshore,13-18,With TSO,XGBoost,0.06351652510073323,0.03207709267133195,0.1694034369950295,0.020894900840541197
DK2,wind_offshore,19-24,With TSO,Chronos2,0.3566048231018947,0.33213437916665434,0.37839703628189164,0.012413682176137189
DK2,wind_offshore,19-24,With TSO,TSO,0.23578948063880406,0.21218365187539487,0.31042063089790056,0.02665888760999425
DK2,wind_offshore,19-24,With TSO,TimesFM3,0.40060570305786153,0.3039438141209805,0.44842561147258814,0.0414244058839087
DK2,wind_offshore,19-24,With TSO,XGBoost,0.006999993201439711,0.0,0.054003880197191774,0.01430728833266679
DK2,wind_offshore,01-06,Without TSO,Chronos2,0.36011267269841124,0.325534928044983,0.3761922788545916,0.014321789336009479
DK2,wind_offshore,01-06,Without TSO,TimesFM3,0.3937905006235642,0.3793498644746676,0.42206521186931323,0.009602893068599672
DK2,wind_offshore,01-06,Without TSO,XGBoost,0.24609682667802457,0.22026124267034305,0.27131407708646926,0.012164072575891128
DK2,wind_offshore,07-12,Without TSO,Chronos2,0.3607727309800692,0.288849968963885,0.4153330983507227,0.03408271106194213
DK2,wind_offshore,07-12,Without TSO,TimesFM3,0.4935287478739365,0.4317830890821303,0.532201039754935,0.029464237131984115
DK2,wind_offshore,07-12,Without TSO,XGBoost,0.14569852114599435,0.10470383333988545,0.18707220527736493,0.02110979855530669
DK2,wind_offshore,13-18,Without TSO,Chronos2,0.42309143286678363,0.380857206348039,0.4410672834159405,0.01070649833374376
DK2,wind_offshore,13-18,Without TSO,TimesFM3,0.4736947472786497,0.4129466025178421,0.4904028469774199,0.013579937833596754
DK2,wind_offshore,13-18,Without TSO,XGBoost,0.1032138198545667,0.07262883237861643,0.206196191134119,0.020511646784665074
DK2,wind_offshore,19-24,Without TSO,Chronos2,0.47047663000039386,0.4510929769212167,0.49811611392477245,0.011776382264051217
DK2,wind_offshore,19-24,Without TSO,TimesFM3,0.5048700857208038,0.42880147272078734,0.5489070230787834,0.03571989498406412
DK2,wind_offshore,19-24,Without TSO,XGBoost,0.024653284278802378,0.0,0.09613640635453244,0.02959506481178077
NL,wind_offshore,01-06,With TSO,Chronos2,0.33567941739287627,0.3118317551177887,0.34861369985256335,0.008827502802772974
NL,wind_offshore,01-06,With TSO,TSO,0.03035132288481449,0.009626947699156806,0.08717362721722924,0.02080925840638966
NL,wind_offshore,01-06,With TSO,TimesFM3,0.37896178271346637,0.36087501235361114,0.4156357396531998,0.007708107583335574
NL,wind_offshore,01-06,With TSO,XGBoost,0.25500747700884285,0.21364951359489143,0.2797365798534242,0.016291472030857974
NL,wind_offshore,07-12,With TSO,Chronos2,0.3554136950023894,0.3283331572996558,0.3813397464557092,0.010826074590006344
NL,wind_offshore,07-12,With TSO,TSO,0.10845865578364242,0.0779622005050074,0.1783669538948688,0.02043390214999549
NL,wind_offshore,07-12,With TSO,TimesFM3,0.42350755431384574,0.38589895569962585,0.45523094405803566,0.019629355793920045
NL,wind_offshore,07-12,With TSO,XGBoost,0.1126200949001225,0.03296108966058156,0.17762830840208807,0.03681168837473378
NL,wind_offshore,13-18,With TSO,Chronos2,0.41209822323900325,0.36843698919048085,0.4366099442754276,0.011690754142222978
NL,wind_offshore,13-18,With TSO,TSO,0.06458621950945692,0.04540917239168485,0.12409026057807931,0.013299215169412272
NL,wind_offshore,13-18,With TSO,TimesFM3,0.4933901513505347,0.45079465010078895,0.51630061052404,0.015732602173351064
NL,wind_offshore,13-18,With TSO,XGBoost,0.02992540590100518,0.0,0.06529412508698776,0.01638268201612223
NL,wind_offshore,19-24,With TSO,Chronos2,0.467274406674772,0.4269372299994623,0.4805885787272004,0.009484471436823993
NL,wind_offshore,19-24,With TSO,TSO,0.016978163585087053,0.0,0.0837916395129964,0.021285561349384773
NL,wind_offshore,19-24,With TSO,TimesFM3,0.5151072666866661,0.4380772835715492,0.5436676399675416,0.025168942509570812
NL,wind_offshore,19-24,With TSO,XGBoost,0.0006401630534749313,0.0,0.02600558277204591,0.003773159873325311
NL,wind_offshore,01-06,Without TSO,Chronos2,0.3464943321546832,0.33622217206055904,0.3581920599954207,0.005426925330093471
NL,wind_offshore,01-06,Without TSO,TimesFM3,0.3895083781768534,0.3728892937874754,0.418628027144927,0.010437252111277944
NL,wind_offshore,01-06,Without TSO,XGBoost,0.26399728966846336,0.23161176033253542,0.2883376945092983,0.014358740559874142
NL,wind_offshore,07-12,Without TSO,Chronos2,0.4068889415346955,0.3752200832456077,0.44388655422757256,0.020367298463610767
NL,wind_offshore,07-12,Without TSO,TimesFM3,0.4651028404986827,0.41807644750349054,0.5154350933946139,0.02436237248751171
NL,wind_offshore,07-12,Without TSO,XGBoost,0.12800821796662173,0.04508848614649917,0.20390182473778268,0.043131773212558254
NL,wind_offshore,13-18,Without TSO,Chronos2,0.43892379150485433,0.41830212475993134,0.4594353145723885,0.010098847578244016
NL,wind_offshore,13-18,Without TSO,TimesFM3,0.521846954569469,0.49562509221234125,0.5426333336409195,0.013202371976587166
NL,wind_offshore,13-18,Without TSO,XGBoost,0.03922925392567672,0.004544651779948323,0.08355554077076568,0.016569936463572556
NL,wind_offshore,19-24,Without TSO,Chronos2,0.4763185711251976,0.4469690157616372,0.5174045263094128,0.01578634290908559
NL,wind_offshore,19-24,Without TSO,TimesFM3,0.5222236975729015,0.4624679798153026,0.5436676518961491,0.017731618566837234
NL,wind_offshore,19-24,Without TSO,XGBoost,0.001457731301900806,0.0,0.04056834268552512,0.0063538565784344156
PT,wind_offshore,01-06,With TSO,Chronos2,0.311943633351994,0.1858360548688819,0.5045698308306652,0.06984980189395848
PT,wind_offshore,01-06,With TSO,TSO,0.009916538879748697,0.0,0.04497971594048926,0.01257355151727855
PT,wind_offshore,01-06,With TSO,TimesFM3,0.4093249730282298,0.31075882863526394,0.45962210416979893,0.030378056209412557
PT,wind_offshore,01-06,With TSO,XGBoost,0.26881485474002753,0.15051914821707738,0.33072366153321636,0.045178535825755844
PT,wind_offshore,07-12,With TSO,Chronos2,0.17597014967025207,0.07747057339550924,0.5245468512553065,0.09871340179211037
PT,wind_offshore,07-12,With TSO,TSO,0.017097679193627736,0.0,0.13733193285010092,0.023592948974916872
PT,wind_offshore,07-12,With TSO,TimesFM3,0.6712567987551422,0.4174793885947762,0.7000000000000001,0.0671251725133598
PT,wind_offshore,07-12,With TSO,XGBoost,0.13567537238097807,0.005293696691065315,0.2177157484368725,0.04780114244182303
PT,wind_offshore,13-18,With TSO,Chronos2,0.15173446829133722,0.053484995616552726,0.3831765829680845,0.06883824089832143
PT,wind_offshore,13-18,With TSO,TSO,0.07133111017948386,0.0,0.2086010396722983,0.03263635661040379
PT,wind_offshore,13-18,With TSO,TimesFM3,0.614753710367909,0.41554897910395416,0.7,0.06211352751375006
PT,wind_offshore,13-18,With TSO,XGBoost,0.1621807111612699,0.1118984249515138,0.2465150043834474,0.035900224844298695
PT,wind_offshore,19-24,With TSO,Chronos2,0.26656974485275864,0.1472461204353743,0.48252490167445977,0.05823180360802204
PT,wind_offshore,19-24,With TSO,TSO,0.07016004387479391,0.0,0.251021052621151,0.05203971616551616
PT,wind_offshore,19-24,With TSO,TimesFM3,0.5327099130026806,0.2845311129700886,0.6504382715173356,0.07976597509813342
PT,wind_offshore,19-24,With TSO,XGBoost,0.13056029826976695,0.05457672167420406,0.2595832745522861,0.04907178462010402
PT,wind_offshore,01-06,Without TSO,Chronos2,0.31698244922806945,0.20326652703157547,0.5045721353282254,0.069424490618786
PT,wind_offshore,01-06,Without TSO,TimesFM3,0.4122409838047209,0.31525795933599754,0.46234255320471856,0.028652992849277352
PT,wind_offshore,01-06,Without TSO,XGBoost,0.27077656696720964,0.15004831283357312,0.3373125574709717,0.046002944998308336
PT,wind_offshore,07-12,Without TSO,Chronos2,0.19003355107326864,0.08228425042613155,0.5245430322146356,0.0985623291593204
PT,wind_offshore,07-12,Without TSO,TimesFM3,0.675296764788643,0.4275905985083787,0.7000000000000001,0.06432244706546318
PT,wind_offshore,07-12,Without TSO,XGBoost,0.13466968413808836,0.00498340526694661,0.2177157495738685,0.04851530947255096
PT,wind_offshore,13-18,Without TSO,Chronos2,0.21332922042312388,0.05348499382680299,0.43015830613814127,0.07118936108254727
PT,wind_offshore,13-18,Without TSO,TimesFM3,0.6396367708718961,0.46816250131567555,0.7,0.05305948269703751
PT,wind_offshore,13-18,Without TSO,XGBoost,0.1470340087049801,0.09333120050807962,0.24651500617319705,0.03735795795226318
PT,wind_offshore,19-24,Without TSO,Chronos2,0.3278041515118277,0.14724701382224362,0.5765103800455182,0.07959340195014934
PT,wind_offshore,19-24,Without TSO,TimesFM3,0.5528972037267317,0.32701286251544776,0.6674852057816061,0.07169254997246806
PT,wind_offshore,19-24,Without TSO,XGBoost,0.1192986447614407,0.0417317851772247,0.2595835922635975,0.050869950913871115
DK1,wind_onshore,01-06,With TSO,Chronos2,0.3742786198194933,0.36155805028286675,0.3869038075783103,0.006899867529865527
DK1,wind_onshore,01-06,With TSO,TSO,0.0966290783883843,0.05823716792024062,0.15078314390710346,0.024423360191446586
DK1,wind_onshore,01-06,With TSO,TimesFM3,0.3512323240994684,0.33580504829589486,0.3654707014134202,0.006988611404517897
DK1,wind_onshore,01-06,With TSO,XGBoost,0.17785997769265402,0.11278838626321906,0.21612899541148736,0.026265061021556763
DK1,wind_onshore,07-12,With TSO,Chronos2,0.3242590276168799,0.2979278698446246,0.3565449852111323,0.015641035235623053
DK1,wind_onshore,07-12,With TSO,TSO,0.25327358424435303,0.22466129377173755,0.3001321668999334,0.02022357145229255
DK1,wind_onshore,07-12,With TSO,TimesFM3,0.3395410354531702,0.3172506137078739,0.3524105642874868,0.007542521728384809
DK1,wind_onshore,07-12,With TSO,XGBoost,0.08292635268559691,0.06807784198703232,0.09998528879762926,0.006884235227715605
DK1,wind_onshore,13-18,With TSO,Chronos2,0.3569133660412684,0.2988556080062618,0.4092448738311855,0.032466359395120305
DK1,wind_onshore,13-18,With TSO,TSO,0.15031113840935914,0.09387892082311765,0.24992361658777468,0.03682727170685914
DK1,wind_onshore,13-18,With TSO,TimesFM3,0.41836051569857435,0.3733050496047296,0.436258824992706,0.011139273197459292
DK1,wind_onshore,13-18,With TSO,XGBoost,0.07441497985079817,0.05510685091876284,0.10178335663940949,0.010348489766678574
DK1,wind_onshore,19-24,With TSO,Chronos2,0.472105297870093,0.4508371786623363,0.4920926229663728,0.011112357413273056
DK1,wind_onshore,19-24,With TSO,TSO,0.12939919811346753,0.09534724419493346,0.15284560470689731,0.018557564711787065
DK1,wind_onshore,19-24,With TSO,TimesFM3,0.3781829615029831,0.36338018942736144,0.39914866261041393,0.00859591018070943
DK1,wind_onshore,19-24,With TSO,XGBoost,0.020312542513456468,2.377492467911439e-19,0.051978333907808934,0.014490993164195073
DK1,wind_onshore,01-06,Without TSO,Chronos2,0.39683846988859167,0.3811055840285488,0.4212268471080414,0.011116565349630765
DK1,wind_onshore,01-06,Without TSO,TimesFM3,0.38795383662202376,0.3756103965240808,0.40885828471259494,0.008266434392334274
DK1,wind_onshore,01-06,Without TSO,XGBoost,0.2152076934893846,0.17008942156774348,0.24316487566488082,0.018928868700475415
DK1,wind_onshore,07-12,Without TSO,Chronos2,0.4074976358809419,0.3876296081835302,0.4344872572331956,0.011131777226139209
DK1,wind_onshore,07-12,Without TSO,TimesFM3,0.4444333762126504,0.4199534382637315,0.4612057152456814,0.010155727098294178
DK1,wind_onshore,07-12,Without TSO,XGBoost,0.14806898790640768,0.12855348054589874,0.1784258230694689,0.008806253546395087
DK1,wind_onshore,13-18,Without TSO,Chronos2,0.40646123190973016,0.367948554211304,0.4477261732408255,0.023102487108786575
DK1,wind_onshore,13-18,Without TSO,TimesFM3,0.49005656482769344,0.45994019348971676,0.521373949074839,0.016047519362697316
DK1,wind_onshore,13-18,Without TSO,XGBoost,0.10348220326257644,0.0772858581054585,0.14029161105095286,0.013727975357624237
DK1,wind_onshore,19-24,Without TSO,Chronos2,0.5129734380274744,0.5008633822679723,0.5207624187079399,0.004866873108124763
DK1,wind_onshore,19-24,Without TSO,TimesFM3,0.4459078634332024,0.4157058377384153,0.47307767910026594,0.015693395317277876
DK1,wind_onshore,19-24,Without TSO,XGBoost,0.04111869853932318,0.020692512572665665,0.0691872774601376,0.012086051568910223
DK2,wind_onshore,01-06,With TSO,Chronos2,0.29253658039408326,0.2666946287042167,0.3224800426665138,0.015947999414110892
DK2,wind_onshore,01-06,With TSO,TSO,0.19716941107377284,0.16547959225614647,0.2282920463075413,0.018547032045538637
DK2,wind_onshore,01-06,With TSO,TimesFM3,0.32243086190615255,0.2796540832798067,0.35358983404505884,0.02027558672603456
DK2,wind_onshore,01-06,With TSO,XGBoost,0.18786314662599135,0.15660780836837113,0.2276920354051492,0.01961833657456933
DK2,wind_onshore,07-12,With TSO,Chronos2,0.3006363506467643,0.28838654464383084,0.31001395615857136,0.004035158193418322
DK2,wind_onshore,07-12,With TSO,TSO,0.2644344611832232,0.24622930385243802,0.291804086728765,0.00904651031533248
DK2,wind_onshore,07-12,With TSO,TimesFM3,0.3871060889343328,0.36002152508650953,0.41045526823057565,0.012534804268576132
DK2,wind_onshore,07-12,With TSO,XGBoost,0.047823099235679734,0.024043422873574503,0.08572239310354358,0.016734362692471295
DK2,wind_onshore,13-18,With TSO,Chronos2,0.30377785759930004,0.28301542464180696,0.32798669212569337,0.012467639791899035
DK2,wind_onshore,13-18,With TSO,TSO,0.25226188553462614,0.23214683868287964,0.26929103276339245,0.009540973970155948
DK2,wind_onshore,13-18,With TSO,TimesFM3,0.37579007203575626,0.35518218975945753,0.40010719319287463,0.011957560239381897
DK2,wind_onshore,13-18,With TSO,XGBoost,0.06817018483031764,0.04055166678512788,0.08700681250487766,0.00940681853831656
DK2,wind_onshore,19-24,With TSO,Chronos2,0.3350481845413386,0.3126877971526588,0.3674189659151221,0.015130788426193979
DK2,wind_onshore,19-24,With TSO,TSO,0.26415656670158516,0.22845214428252625,0.310901831740704,0.019017464097654174
DK2,wind_onshore,19-24,With TSO,TimesFM3,0.3652783017862403,0.3252897809665066,0.401154274401021,0.01966431229556262
DK2,wind_onshore,19-24,With TSO,XGBoost,0.03551694697083594,0.0,0.05393890025514751,0.013195677766913456
DK2,wind_onshore,01-06,Without TSO,Chronos2,0.3628719477182403,0.35393575144793576,0.3747479852832598,0.005800744368068576
DK2,wind_onshore,01-06,Without TSO,TimesFM3,0.3978614376478413,0.37146686498349496,0.4131631178724105,0.010918181148784786
DK2,wind_onshore,01-06,Without TSO,XGBoost,0.23926661463391846,0.21221335940577543,0.27305986160331563,0.015788359351485023
DK2,wind_onshore,07-12,Without TSO,Chronos2,0.4060732744919556,0.39346265240550315,0.4216614159717833,0.0068873606150220415
DK2,wind_onshore,07-12,Without TSO,TimesFM3,0.49716759092583807,0.4559988738576568,0.5236181302926042,0.017289074143336258
DK2,wind_onshore,07-12,Without TSO,XGBoost,0.09675913458220638,0.06626392109239754,0.14885265259772643,0.023005932098334465
DK2,wind_onshore,13-18,Without TSO,Chronos2,0.4169890432248942,0.3942775389259747,0.44455941387488196,0.012150359444273402
DK2,wind_onshore,13-18,Without TSO,TimesFM3,0.4935662208009155,0.4715975704229798,0.5134462937410399,0.011754165640614598
DK2,wind_onshore,13-18,Without TSO,XGBoost,0.08944473597419036,0.07145568269445941,0.10338594470908193,0.006139576560869602
DK2,wind_onshore,19-24,Without TSO,Chronos2,0.46895175140059364,0.44183314487908604,0.5147876953950603,0.016942018676281062
DK2,wind_onshore,19-24,Without TSO,TimesFM3,0.4786167302491729,0.4577049642338027,0.4998144925750572,0.013922918135672894
DK2,wind_onshore,19-24,Without TSO,XGBoost,0.05243151835023342,0.02213345676792734,0.06717142415408348,0.009661662067202493
ES,wind_onshore,01-06,With TSO,Chronos2,0.29974392509046643,0.2667846246932825,0.3328952101206666,0.017482603294259377
ES,wind_onshore,01-06,With TSO,TSO,0.21330530168711817,0.16594355976107272,0.29448801815614833,0.021893020215603458
ES,wind_onshore,01-06,With TSO,TimesFM3,0.31031883706945096,0.28205181976803784,0.3513240551683166,0.016563857103242822
ES,wind_onshore,01-06,With TSO,XGBoost,0.17663193615296444,0.14143717506693093,0.20312700528400293,0.017294921150946118
ES,wind_onshore,07-12,With TSO,Chronos2,0.27643985670706184,0.25407552285782337,0.3004600607640175,0.010559431261234343
ES,wind_onshore,07-12,With TSO,TSO,0.2994553390105935,0.2737249316777458,0.31898744383831035,0.011865164925086942
ES,wind_onshore,07-12,With TSO,TimesFM3,0.2932390086017568,0.2604621420089014,0.33212008231836554,0.02072348471906534
ES,wind_onshore,07-12,With TSO,XGBoost,0.13086579568058793,0.0737701798974371,0.1700005149182805,0.018209916392248855
ES,wind_onshore,13-18,With TSO,Chronos2,0.28860799399912257,0.271252161401191,0.3423437725714789,0.01417891973490317
ES,wind_onshore,13-18,With TSO,TSO,0.3149296018735097,0.25495600256097184,0.3354482419274566,0.012910269659768051
ES,wind_onshore,13-18,With TSO,TimesFM3,0.3233989624738322,0.2869066908204503,0.38197027856761334,0.023930722263181853
ES,wind_onshore,13-18,With TSO,XGBoost,0.07306344165353554,0.011051162349770839,0.1206641239206381,0.030936527939163794
ES,wind_onshore,19-24,With TSO,Chronos2,0.32619132152455266,0.28982155546052546,0.44694174082503213,0.02644337627961475
ES,wind_onshore,19-24,With TSO,TSO,0.3228774966384753,0.1857649681628869,0.3638695804316556,0.027811873424172972
ES,wind_onshore,19-24,With TSO,TimesFM3,0.29187566226181133,0.2543996057010157,0.3215156667942724,0.018044991558197963
ES,wind_onshore,19-24,With TSO,XGBoost,0.059055519575160725,0.00649191439166862,0.10648579526367313,0.023273156641410123
ES,wind_onshore,01-06,Without TSO,Chronos2,0.3738420280423891,0.35747098384476583,0.3949304154591162,0.008801125508955907
ES,wind_onshore,01-06,Without TSO,TimesFM3,0.3902130078168599,0.3774546063477768,0.41190962427789723,0.008008127428795543
ES,wind_onshore,01-06,Without TSO,XGBoost,0.235944964140751,0.20571188085294675,0.2607443003037397,0.015113968925870988
ES,wind_onshore,07-12,Without TSO,Chronos2,0.4011236960944916,0.38142781231960593,0.4281619860559041,0.008176812669911663
ES,wind_onshore,07-12,Without TSO,TimesFM3,0.42309470005899014,0.37276248432702974,0.4837544134205406,0.025795318076146802
ES,wind_onshore,07-12,Without TSO,XGBoost,0.17578160384651825,0.08808360052355527,0.2287678688535898,0.03011315552599036
ES,wind_onshore,13-18,Without TSO,Chronos2,0.4230813950485882,0.4048331633246128,0.45143753456788954,0.013352953679384268
ES,wind_onshore,13-18,Without TSO,TimesFM3,0.4642150690200934,0.4144998380370742,0.5175629478498127,0.028628073732588
ES,wind_onshore,13-18,Without TSO,XGBoost,0.11270353593131838,0.03532652749996324,0.17595283728564326,0.04037244750197911
ES,wind_onshore,19-24,Without TSO,Chronos2,0.4647349781438009,0.4361604791345702,0.5262009915663793,0.01606331603164472
ES,wind_onshore,19-24,Without TSO,TimesFM3,0.44068029261937497,0.38619803036681144,0.4754670509144378,0.02832684833990343
ES,wind_onshore,19-24,Without TSO,XGBoost,0.09458472923682412,0.049379819780706186,0.15500940133459806,0.02773441989868116
NL,wind_onshore,01-06,With TSO,Chronos2,0.3429489143166336,0.3206792692837339,0.36358776440237034,0.012611523938828638
NL,wind_onshore,01-06,With TSO,TSO,0.009541306872586905,0.0,0.031215178009262448,0.006989077347181746
NL,wind_onshore,01-06,With TSO,TimesFM3,0.3692440762354018,0.35091131589001145,0.3843589122378906,0.006920445215508761
NL,wind_onshore,01-06,With TSO,XGBoost,0.2782657025753777,0.25154699704931843,0.30354595710938936,0.00933047493512705
NL,wind_onshore,07-12,With TSO,Chronos2,0.377852106569315,0.34995084651981745,0.41757405058757546,0.015430801923071212
NL,wind_onshore,07-12,With TSO,TSO,4.612549937205812e-19,0.0,5.035357819462049e-18,9.708482735304108e-19
NL,wind_onshore,07-12,With TSO,TimesFM3,0.47638749738275277,0.4296311761944782,0.4914840184225656,0.012299494938977225
NL,wind_onshore,07-12,With TSO,XGBoost,0.14576039604793223,0.09444860239153424,0.1932377343550987,0.017482169981830185
NL,wind_onshore,13-18,With TSO,Chronos2,0.3960224290149859,0.366790827039211,0.4246256391193145,0.011073038013629475
NL,wind_onshore,13-18,With TSO,TSO,0.010200262905247344,0.0,0.01697011057453234,0.003832206993309801
NL,wind_onshore,13-18,With TSO,TimesFM3,0.4734044137008772,0.4521096104105685,0.4935280936564704,0.00972489185352972
NL,wind_onshore,13-18,With TSO,XGBoost,0.12037289437888955,0.09235553064485154,0.14847002825509834,0.009950233613376661
NL,wind_onshore,19-24,With TSO,Chronos2,0.4777632041052675,0.4441128867870684,0.5109200943345267,0.013428807310701882
NL,wind_onshore,19-24,With TSO,TSO,0.02413071544326701,0.006337188350332176,0.04096586209629622,0.008860584954925624
NL,wind_onshore,19-24,With TSO,TimesFM3,0.4213393220355253,0.38472183008576893,0.4600104615389951,0.017872568212904696
NL,wind_onshore,19-24,With TSO,XGBoost,0.07676675841594027,0.024658396118785918,0.11189563052664418,0.019202591098800185
NL,wind_onshore,01-06,Without TSO,Chronos2,0.34657312608183316,0.32673201298663296,0.36437028730313903,0.010398778154875818
NL,wind_onshore,01-06,Without TSO,TimesFM3,0.3810112791681269,0.35143674266997593,0.4374891339921173,0.015531370526087851
NL,wind_onshore,01-06,Without TSO,XGBoost,0.27241559475003996,0.22116579106281556,0.30410898183910073,0.010761447719881773
NL,wind_onshore,07-12,Without TSO,Chronos2,0.3778535994053331,0.3499587767899143,0.41757487844827795,0.015429385480891341
NL,wind_onshore,07-12,Without TSO,TimesFM3,0.47638720805049944,0.4296308011174859,0.49148416611940143,0.012299948681128561
NL,wind_onshore,07-12,Without TSO,XGBoost,0.14575919254416747,0.0944485340418312,0.19323814900219466,0.017480730135154065
NL,wind_onshore,13-18,Without TSO,Chronos2,0.4035919132235315,0.366790900252281,0.42834454685423257,0.009919360712996313
NL,wind_onshore,13-18,Without TSO,TimesFM3,0.48495592709890273,0.4612927808935862,0.5057196985383235,0.011489109105538709
NL,wind_onshore,13-18,Without TSO,XGBoost,0.11145215967756583,0.08815610129887418,0.14846803362372324,0.010018777817216199
NL,wind_onshore,19-24,Without TSO,Chronos2,0.4984654866471195,0.45738456741407246,0.5344099040018384,0.014349782219168914
NL,wind_onshore,19-24,Without TSO,TimesFM3,0.443408045898476,0.386334133982491,0.509480623368664,0.030465528291992918
NL,wind_onshore,19-24,Without TSO,XGBoost,0.05812646745440451,0.006045893802080462,0.1080514496102461,0.02150697349820111
PT,wind_onshore,01-06,With TSO,Chronos2,0.3193982961297861,0.29238973740505814,0.3414680824687322,0.013750801110080329
PT,wind_onshore,01-06,With TSO,TSO,0.2168198675816964,0.20026957904674292,0.24261527426545093,0.010347529062947707
PT,wind_onshore,01-06,With TSO,TimesFM3,0.3292739360244678,0.30476972104757394,0.3702161721272758,0.015432359395827476
PT,wind_onshore,01-06,With TSO,XGBoost,0.13450790026404974,0.07365323673584756,0.17081473123163093,0.024479902833646792
PT,wind_onshore,07-12,With TSO,Chronos2,0.33036366747961315,0.3026845289276637,0.35406434393403297,0.012745358475695065
PT,wind_onshore,07-12,With TSO,TSO,0.2913495707171455,0.25443934784239897,0.3670141459607448,0.030708954661528755
PT,wind_onshore,07-12,With TSO,TimesFM3,0.3568937313598224,0.30272102968930675,0.40052202911556267,0.02396566179375794
PT,wind_onshore,07-12,With TSO,XGBoost,0.02139303044341896,0.0,0.04055772829176255,0.012420842593247144
PT,wind_onshore,13-18,With TSO,Chronos2,0.32029321111929215,0.3010172026948106,0.3365058751480315,0.006542320966606331
PT,wind_onshore,13-18,With TSO,TSO,0.29003420410969116,0.24750922300450748,0.32357955369792474,0.018344188780430575
PT,wind_onshore,13-18,With TSO,TimesFM3,0.3620879419996158,0.34422341299743564,0.3900095431177898,0.009149371684702562
PT,wind_onshore,13-18,With TSO,XGBoost,0.02758464277140088,0.0028621158503618536,0.04497844926916149,0.008730332474337769
PT,wind_onshore,19-24,With TSO,Chronos2,0.2991873273776609,0.27283713256594283,0.31854602705395685,0.010585295679744743
PT,wind_onshore,19-24,With TSO,TSO,0.34350682448177006,0.3229222716545975,0.36180820656378343,0.007948979306917878
PT,wind_onshore,19-24,With TSO,TimesFM3,0.3260602969558102,0.3153391341150196,0.33799361979349835,0.006491365054634877
PT,wind_onshore,19-24,With TSO,XGBoost,0.031245551184758892,0.006317774005814464,0.06379942565864341,0.013259154101745533
PT,wind_onshore,01-06,Without TSO,Chronos2,0.3950391436525197,0.37797427720685567,0.4164974135118006,0.011414456902091499
PT,wind_onshore,01-06,Without TSO,TimesFM3,0.407607422995627,0.39212065026600823,0.44022150132334564,0.011465156360102516
PT,wind_onshore,01-06,Without TSO,XGBoost,0.1973534333518533,0.14590982077364495,0.22645414371161873,0.02219501339665046
PT,wind_onshore,07-12,Without TSO,Chronos2,0.442058879477914,0.4295874536620886,0.46325577516183064,0.007249649466662723
PT,wind_onshore,07-12,Without TSO,TimesFM3,0.47198977899805117,0.45282792784591447,0.5001507613746682,0.010684001946147452
PT,wind_onshore,07-12,Without TSO,XGBoost,0.08595134152403483,0.05709417000938217,0.10395767934982703,0.01105114239901029
PT,wind_onshore,13-18,Without TSO,Chronos2,0.43186091075762145,0.41138717919875206,0.46084678096866255,0.0106512545143238
PT,wind_onshore,13-18,Without TSO,TimesFM3,0.48816032739043097,0.4780930162863776,0.5020243623431953,0.004759387952942835
PT,wind_onshore,13-18,Without TSO,XGBoost,0.07997876185194752,0.048256786169027344,0.10164780381077779,0.011073994079424894
PT,wind_onshore,19-24,Without TSO,Chronos2,0.4454625216185084,0.41717828308464716,0.46369141896733523,0.011682011174752245
PT,wind_onshore,19-24,Without TSO,TimesFM3,0.48456320580298223,0.4703285849651257,0.4977130699933756,0.00644000582182709
PT,wind_onshore,19-24,Without TSO,XGBoost,0.06997427257850938,0.04411456326824621,0.106149380609969,0.01432615531928358
